Date,Product_Category,Price,Discount,Customer_Segment,Marketing_Spend,Units_Sold,Data_Type
2023-01-01,Sports,932.8,35.82,Occasional,6780.38,32,Old
2023-01-02,Toys,569.48,3.6,Premium,6807.56,16,Old
2023-01-03,Home Decor,699.68,3.56,Premium,3793.91,27,Old
2023-01-04,Toys,923.27,0.61,Premium,9422.75,29,Old
2023-01-05,Toys,710.17,47.83,Premium,1756.83,17,Old
2023-01-06,Fashion,161.01,36.88,Premium,5053.56,27,Old
2023-01-07,Home Decor,580.53,17.66,Occasional,6939.75,30,Old
2023-01-08,Home Decor,610.65,14.83,Regular,7001.64,27,Old
2023-01-09,Home Decor,429.89,17.49,Occasional,6521.53,32,Old
2023-01-10,Toys,739.08,38.73,Regular,2825.35,28,Old
2023-01-11,Sports,935.02,33.07,Premium,1646.45,26,Old
2023-01-12,Home Decor,926.31,9.26,Regular,6395.81,26,Old
2023-01-13,Toys,456.33,8.71,Occasional,6033.09,37,Old
2023-01-14,Fashion,122.11,4.92,Occasional,1875.62,28,Old
2023-01-15,Sports,984.99,33.02,Regular,7080.88,27,Old
2023-01-16,Fashion,840.51,38.22,Premium,4606.2,32,Old
2023-01-17,Sports,133.42,13.25,Premium,6710.83,20,Old
2023-01-18,Toys,921.63,1.05,Occasional,8389.93,35,Old
2023-01-19,Electronics,871.2,4.11,Regular,1780.31,23,Old
2023-01-20,Sports,523.65,48.39,Premium,289.53,17,Old
2023-01-21,Fashion,595.36,14.77,Premium,7813.12,23,Old
2023-01-22,Toys,405.01,38.46,Occasional,6136.0,24,Old
2023-01-23,Sports,64.21,31.23,Premium,7026.43,35,Old
2023-01-24,Electronics,341.85,19.1,Regular,8397.73,32,Old
2023-01-25,Electronics,804.82,10.28,Occasional,8047.83,34,Old
2023-01-26,Home Decor,14.59,6.07,Occasional,9613.11,29,Old
2023-01-27,Home Decor,340.16,30.75,Regular,5405.76,25,Old
2023-01-28,Fashion,404.19,38.73,Occasional,4936.11,29,Old
2023-01-29,Sports,542.02,32.2,Premium,4078.68,29,Old
2023-01-30,Sports,920.66,26.52,Premium,1621.54,25,Old
2023-01-31,Home Decor,352.88,2.1,Regular,5768.81,37,Old
2023-02-01,Sports,353.48,48.42,Premium,2842.42,19,Old
2023-02-02,Sports,740.13,39.94,Regular,9220.94,26,Old
2023-02-03,Electronics,457.7,14.64,Regular,5873.59,30,Old
2023-02-04,Home Decor,232.36,49.0,Premium,5969.12,34,Old
2023-02-05,Toys,457.92,30.09,Regular,3613.75,32,Old
2023-02-06,Home Decor,149.45,29.12,Premium,614.69,30,Old
2023-02-07,Toys,184.62,37.4,Occasional,414.26,35,Old
2023-02-08,Electronics,503.38,40.59,Occasional,4291.02,26,Old
2023-02-09,Fashion,424.74,32.82,Regular,937.2,34,Old
2023-02-10,Sports,915.7,6.4,Premium,6107.78,38,Old
2023-02-11,Electronics,368.77,16.91,Premium,8821.63,43,Old
2023-02-12,Sports,584.78,46.4,Occasional,8840.86,24,Old
2023-02-13,Fashion,635.94,11.23,Occasional,6624.55,31,Old
2023-02-14,Fashion,22.96,18.61,Premium,2191.2,18,Old
2023-02-15,Electronics,666.9,21.6,Regular,8643.67,34,Old
2023-02-16,Fashion,186.26,21.97,Occasional,8872.33,16,Old
2023-02-17,Toys,961.46,30.65,Regular,2046.87,36,Old
2023-02-18,Fashion,157.18,47.15,Regular,7400.52,33,Old
2023-02-19,Sports,420.48,12.03,Occasional,2936.54,41,Old
2023-02-20,Sports,94.5,6.08,Regular,8046.14,31,Old
2023-02-21,Sports,996.91,9.87,Regular,9972.66,25,Old
2023-02-22,Sports,507.17,44.35,Premium,397.26,36,Old
2023-02-23,Toys,599.43,32.29,Regular,8983.92,49,Old
2023-02-24,Home Decor,76.41,14.3,Premium,6264.04,23,Old
2023-02-25,Electronics,752.46,40.8,Occasional,9736.49,32,Old
2023-02-26,Sports,217.81,43.07,Occasional,4703.59,23,Old
2023-02-27,Fashion,899.07,42.33,Premium,8489.14,28,Old
2023-02-28,Sports,213.09,45.95,Occasional,717.7,34,Old
2023-03-01,Fashion,198.78,12.61,Regular,3419.26,24,Old
2023-03-02,Fashion,46.18,37.75,Regular,763.46,13,Old
2023-03-03,Sports,477.35,23.03,Regular,9755.9,22,Old
2023-03-04,Toys,569.19,42.1,Occasional,8188.04,41,Old
2023-03-05,Fashion,75.05,36.42,Regular,8540.22,18,Old
2023-03-06,Fashion,777.77,38.82,Occasional,9385.86,24,Old
2023-03-07,Sports,458.76,32.81,Regular,942.52,27,Old
2023-03-08,Fashion,529.15,8.87,Premium,3917.42,27,Old
2023-03-09,Fashion,446.36,27.25,Occasional,803.25,39,Old
2023-03-10,Sports,406.76,49.23,Occasional,2186.85,37,Old
2023-03-11,Sports,564.04,46.87,Regular,2370.72,33,Old
2023-03-12,Electronics,163.69,2.16,Occasional,4744.16,24,Old
2023-03-13,Toys,190.11,8.24,Occasional,2758.77,34,Old
2023-03-14,Toys,863.17,6.59,Premium,1099.68,34,Old
2023-03-15,Fashion,946.65,36.3,Premium,1758.16,31,Old
2023-03-16,Toys,379.58,40.89,Regular,1558.03,35,Old
2023-03-17,Fashion,278.04,10.68,Premium,9733.46,33,Old
2023-03-18,Electronics,647.56,25.29,Regular,7617.0,24,Old
2023-03-19,Sports,414.65,42.04,Regular,9680.84,23,Old
2023-03-20,Sports,35.13,36.64,Regular,4453.43,40,Old
2023-03-21,Sports,164.59,27.11,Occasional,2855.85,15,Old
2023-03-22,Toys,718.81,29.52,Premium,8003.1,31,Old
2023-03-23,Electronics,662.33,25.42,Regular,3329.91,32,Old
2023-03-24,Toys,36.83,14.88,Premium,3063.9,39,Old
2023-03-25,Toys,229.75,28.25,Regular,2401.81,27,Old
2023-03-26,Electronics,238.76,34.44,Premium,1383.82,34,Old
2023-03-27,Electronics,675.17,43.67,Premium,2638.98,34,Old
2023-03-28,Electronics,29.51,31.81,Regular,3617.67,33,Old
2023-03-29,Electronics,113.07,38.06,Occasional,6772.54,34,Old
2023-03-30,Sports,801.92,8.0,Premium,719.39,33,Old
2023-03-31,Home Decor,186.76,23.08,Occasional,2184.02,25,Old
2023-04-01,Home Decor,656.22,0.47,Occasional,8109.33,31,Old
2023-04-02,Electronics,245.8,12.33,Regular,1554.53,22,Old
2023-04-03,Home Decor,108.45,36.32,Regular,3492.19,35,Old
2023-04-04,Home Decor,250.74,49.59,Regular,8660.12,29,Old
2023-04-05,Electronics,725.04,4.96,Premium,1633.76,34,Old
2023-04-06,Home Decor,857.14,20.07,Regular,919.09,31,Old
2023-04-07,Toys,831.92,40.0,Regular,4896.93,27,Old
2023-04-08,Fashion,403.21,10.2,Premium,3093.95,31,Old
2023-04-09,Fashion,671.4,27.75,Premium,5677.74,28,Old
2023-04-10,Electronics,212.93,36.65,Regular,8057.67,37,Old
2023-04-11,Sports,300.22,30.8,Regular,1457.77,32,Old
2023-04-12,Electronics,897.37,9.4,Regular,5848.92,18,Old
2023-04-13,Sports,22.87,17.77,Regular,5104.54,28,Old
2023-04-14,Fashion,94.65,39.19,Occasional,1526.38,35,Old
2023-04-15,Electronics,215.81,27.71,Occasional,6277.59,35,Old
2023-04-16,Toys,36.27,0.26,Regular,2809.04,18,Old
2023-04-17,Home Decor,189.62,38.05,Occasional,4929.56,31,Old
2023-04-18,Sports,587.21,1.77,Premium,914.5,24,Old
2023-04-19,Home Decor,427.21,37.29,Occasional,4649.88,36,Old
2023-04-20,Home Decor,893.74,10.12,Occasional,3133.99,22,Old
2023-04-21,Electronics,819.27,47.9,Regular,8241.57,29,Old
2023-04-22,Home Decor,348.4,18.4,Occasional,664.09,30,Old
2023-04-23,Toys,266.83,16.35,Occasional,4244.21,23,Old
2023-04-24,Home Decor,385.9,7.44,Occasional,4638.47,22,Old
2023-04-25,Electronics,594.39,15.28,Occasional,7277.56,39,Old
2023-04-26,Toys,275.38,43.83,Premium,5785.45,19,Old
2023-04-27,Fashion,627.91,49.82,Regular,6705.4,28,Old
2023-04-28,Home Decor,415.32,18.42,Regular,7792.79,40,Old
2023-04-29,Electronics,556.53,22.43,Premium,8635.81,24,Old
2023-04-30,Fashion,441.77,36.1,Occasional,3207.37,24,Old
2023-05-01,Fashion,301.52,44.31,Premium,5426.42,33,Old
2023-05-02,Sports,948.97,29.65,Occasional,8417.07,29,Old
2023-05-03,Toys,765.97,19.58,Premium,9895.57,30,Old
2023-05-04,Home Decor,148.71,20.63,Regular,8906.24,37,Old
2023-05-05,Electronics,869.78,34.78,Regular,3777.53,37,Old
2023-05-06,Sports,492.56,0.16,Regular,2032.15,22,Old
2023-05-07,Toys,895.61,30.98,Occasional,4944.99,24,Old
2023-05-08,Sports,801.86,17.77,Occasional,7442.25,19,Old
2023-05-09,Toys,430.96,39.71,Premium,4976.43,22,Old
2023-05-10,Toys,32.24,4.65,Premium,4883.49,46,Old
2023-05-11,Home Decor,275.99,29.41,Regular,8398.48,34,Old
2023-05-12,Toys,546.22,24.05,Occasional,3677.9,30,Old
2023-05-13,Sports,637.14,32.12,Premium,8611.97,33,Old
2023-05-14,Toys,265.31,3.24,Occasional,4127.37,13,Old
2023-05-15,Home Decor,147.96,29.0,Occasional,3349.51,31,Old
2023-05-16,Home Decor,836.58,28.07,Regular,4594.5,31,Old
2023-05-17,Sports,984.56,28.03,Regular,7648.22,47,Old
2023-05-18,Fashion,530.43,30.17,Occasional,1347.42,22,Old
2023-05-19,Fashion,179.96,33.82,Occasional,2044.55,50,Old
2023-05-20,Toys,279.58,40.25,Occasional,9519.3,24,Old
2023-05-21,Electronics,28.21,13.49,Occasional,1837.37,32,Old
2023-05-22,Toys,915.16,41.25,Regular,5720.5,35,Old
2023-05-23,Sports,126.57,24.91,Premium,5835.21,35,Old
2023-05-24,Sports,580.75,3.85,Regular,4947.28,31,Old
2023-05-25,Sports,281.31,2.93,Premium,6482.98,34,Old
2023-05-26,Sports,558.64,16.71,Occasional,2375.28,22,Old
2023-05-27,Sports,654.91,39.24,Premium,5571.36,38,Old
2023-05-28,Home Decor,831.44,35.38,Regular,3784.52,29,Old
2023-05-29,Fashion,214.36,39.43,Regular,6650.51,41,Old
2023-05-30,Sports,20.89,25.86,Occasional,1498.11,24,Old
2023-05-31,Electronics,145.52,22.01,Regular,5751.69,36,Old
2023-06-01,Electronics,901.02,7.37,Occasional,1934.18,29,Old
2023-06-02,Electronics,875.15,16.41,Regular,2858.57,22,Old
2023-06-03,Electronics,601.44,21.7,Regular,2265.23,25,Old
2023-06-04,Home Decor,604.51,4.43,Occasional,1910.09,28,Old
2023-06-05,Electronics,668.39,11.03,Premium,8274.54,34,Old
2023-06-06,Sports,183.62,29.91,Regular,2928.5,17,Old
2023-06-07,Toys,915.27,36.78,Premium,9278.53,21,Old
2023-06-08,Electronics,424.58,49.92,Regular,9702.27,27,Old
2023-06-09,Home Decor,389.31,46.66,Regular,5755.48,38,Old
2023-06-10,Home Decor,523.73,32.13,Regular,1515.71,26,Old
2023-06-11,Electronics,56.5,21.06,Regular,3808.03,23,Old
2023-06-12,Toys,174.62,31.81,Premium,7997.55,23,Old
2023-06-13,Electronics,740.65,39.28,Premium,3737.17,24,Old
2023-06-14,Home Decor,91.97,5.92,Regular,961.47,28,Old
2023-06-15,Fashion,607.12,20.5,Regular,5612.17,18,Old
2023-06-16,Sports,252.9,41.99,Premium,8466.7,42,Old
2023-06-17,Home Decor,395.4,19.19,Occasional,7979.67,45,Old
2023-06-18,Electronics,295.81,28.59,Occasional,1833.72,23,Old
2023-06-19,Sports,362.12,29.39,Premium,6760.37,38,Old
2023-06-20,Electronics,721.86,9.22,Regular,2282.99,22,Old
2023-06-21,Electronics,304.15,18.11,Regular,2260.25,43,Old
2023-06-22,Fashion,570.74,16.73,Occasional,8753.31,33,Old
2023-06-23,Sports,481.29,1.31,Occasional,2571.72,24,Old
2023-06-24,Sports,667.03,1.21,Premium,2706.15,25,Old
2023-06-25,Fashion,937.46,41.58,Occasional,106.47,37,Old
2023-06-26,Home Decor,735.25,13.65,Premium,8719.62,37,Old
2023-06-27,Electronics,222.79,25.9,Occasional,7946.69,31,Old
2023-06-28,Toys,40.87,14.94,Occasional,6310.56,23,Old
2023-06-29,Electronics,269.64,47.03,Occasional,7527.63,34,Old
2023-06-30,Electronics,599.13,12.96,Regular,1605.28,38,Old
2023-07-01,Home Decor,60.91,21.48,Regular,4637.4,34,Old
2023-07-02,Electronics,501.4,43.64,Regular,3577.07,18,Old
2023-07-03,Fashion,600.87,42.1,Occasional,1028.39,24,Old
2023-07-04,Fashion,340.9,9.31,Premium,4912.69,29,Old
2023-07-05,Sports,773.2,40.13,Premium,9215.32,38,Old
2023-07-06,Toys,115.53,22.91,Premium,496.59,38,Old
2023-07-07,Electronics,84.39,24.15,Premium,2985.46,24,Old
2023-07-08,Electronics,730.91,6.67,Regular,2154.66,25,Old
2023-07-09,Home Decor,500.54,4.03,Regular,2457.65,34,Old
2023-07-10,Fashion,691.52,36.4,Occasional,9093.5,31,Old
2023-07-11,Toys,440.48,24.82,Occasional,4733.88,18,Old
2023-07-12,Sports,253.94,21.84,Premium,4716.36,39,Old
2023-07-13,Fashion,820.91,36.48,Regular,7629.7,26,Old
2023-07-14,Sports,801.42,38.28,Premium,1629.47,38,Old
2023-07-15,Home Decor,697.75,7.95,Occasional,4923.93,38,Old
2023-07-16,Home Decor,279.42,30.51,Occasional,4356.85,26,Old
2023-07-17,Electronics,594.33,6.77,Premium,6009.42,20,Old
2023-07-18,Toys,367.36,37.57,Occasional,9995.62,38,Old
2023-07-19,Sports,100.67,32.85,Premium,7717.54,33,Old
2023-07-20,Fashion,918.14,47.83,Regular,4038.87,24,Old
2023-07-21,Home Decor,145.45,3.45,Premium,8292.78,31,Old
2023-07-22,Electronics,950.73,2.85,Regular,1790.01,32,Old
2023-07-23,Electronics,451.55,14.11,Regular,401.59,24,Old
2023-07-24,Sports,193.28,13.09,Occasional,2124.04,28,Old
2023-07-25,Home Decor,546.48,12.35,Occasional,3470.07,41,Old
2023-07-26,Toys,874.22,45.31,Occasional,5154.75,43,Old
2023-07-27,Home Decor,734.9,12.48,Premium,6189.78,34,Old
2023-07-28,Sports,808.5,13.6,Premium,9115.0,18,Old
2023-07-29,Sports,662.2,37.97,Occasional,5147.55,27,Old
2023-07-30,Home Decor,695.35,22.49,Premium,5062.63,37,Old
2023-07-31,Sports,850.7,38.84,Occasional,597.41,33,Old
2023-08-01,Home Decor,257.17,3.27,Premium,445.62,41,Old
2023-08-02,Fashion,494.53,24.38,Regular,5556.48,30,Old
2023-08-03,Home Decor,229.0,1.68,Regular,4437.97,35,Old
2023-08-04,Home Decor,987.79,3.13,Occasional,8407.89,27,Old
2023-08-05,Sports,944.62,45.32,Premium,1690.73,39,Old
2023-08-06,Sports,49.03,6.96,Premium,347.22,33,Old
2023-08-07,Electronics,708.52,26.62,Regular,4545.48,33,Old
2023-08-08,Electronics,926.0,20.55,Regular,2451.04,29,Old
2023-08-09,Fashion,188.77,17.37,Occasional,591.18,24,Old
2023-08-10,Electronics,572.27,44.99,Regular,7273.52,29,Old
2023-08-11,Home Decor,916.33,1.09,Occasional,1204.77,29,Old
2023-08-12,Sports,43.61,33.19,Regular,6122.36,34,Old
2023-08-13,Electronics,700.45,48.17,Regular,2882.39,30,Old
2023-08-14,Electronics,304.38,28.01,Premium,1817.61,34,Old
2023-08-15,Fashion,925.15,46.84,Regular,3859.54,38,Old
2023-08-16,Fashion,971.35,2.61,Regular,8034.31,33,Old
2023-08-17,Home Decor,944.82,20.94,Occasional,3981.73,23,Old
2023-08-18,Sports,479.47,13.01,Regular,7532.62,29,Old
2023-08-19,Fashion,863.42,36.54,Occasional,1342.31,34,Old
2023-08-20,Electronics,846.1,49.06,Regular,7750.44,23,Old
2023-08-21,Sports,325.91,12.83,Regular,2445.64,44,Old
2023-08-22,Sports,830.63,32.71,Occasional,6806.19,23,Old
2023-08-23,Electronics,46.64,9.9,Premium,5701.24,38,Old
2023-08-24,Fashion,600.31,28.27,Occasional,9298.53,37,Old
2023-08-25,Electronics,237.71,23.2,Occasional,3934.49,17,Old
2023-08-26,Sports,129.36,48.6,Occasional,755.04,26,Old
2023-08-27,Toys,86.18,30.43,Premium,289.64,37,Old
2023-08-28,Toys,699.33,17.48,Regular,8285.9,21,Old
2023-08-29,Home Decor,346.48,5.7,Occasional,5294.88,29,Old
2023-08-30,Electronics,727.52,7.56,Occasional,7774.92,26,Old
2023-08-31,Electronics,74.7,11.27,Premium,2420.81,29,Old
2023-09-01,Home Decor,322.14,12.55,Occasional,3516.33,33,Old
2023-09-02,Home Decor,544.1,42.53,Regular,398.03,29,Old
2023-09-03,Home Decor,792.82,28.06,Premium,9618.77,31,Old
2023-09-04,Sports,325.56,26.17,Regular,6711.89,30,Old
2023-09-05,Electronics,629.63,5.74,Regular,9338.73,35,Old
2023-09-06,Sports,887.12,43.01,Premium,2728.41,23,Old
2023-09-07,Home Decor,619.7,36.14,Occasional,6153.49,30,Old
2023-09-08,Electronics,240.63,3.38,Regular,6817.15,41,Old
2023-09-09,Sports,34.16,35.39,Regular,3243.74,19,Old
2023-09-10,Sports,871.4,27.18,Regular,8496.28,30,Old
2023-09-11,Home Decor,31.06,4.09,Regular,9476.9,29,Old
2023-09-12,Electronics,875.95,22.92,Premium,8860.07,40,Old
2023-09-13,Home Decor,533.65,24.23,Premium,7416.76,30,Old
2023-09-14,Electronics,939.68,8.29,Regular,2846.9,27,Old
2023-09-15,Toys,800.8,47.28,Occasional,2888.0,23,Old
2023-09-16,Fashion,997.95,42.5,Regular,9637.27,35,Old
2023-09-17,Fashion,357.2,33.45,Occasional,201.82,35,Old
2023-09-18,Fashion,769.52,23.11,Regular,7188.89,35,Old
2023-09-19,Home Decor,407.91,20.59,Occasional,7091.84,5,Old
2023-09-20,Toys,485.08,32.55,Regular,6264.63,27,Old
2023-09-21,Electronics,631.23,27.27,Occasional,9902.08,28,Old
2023-09-22,Sports,874.94,3.11,Regular,3187.61,14,Old
2023-09-23,Electronics,984.24,25.63,Regular,3465.72,22,Old
2023-09-24,Sports,770.59,40.32,Occasional,881.5,22,Old
2023-09-25,Electronics,423.59,22.96,Premium,4483.7,31,Old
2023-09-26,Toys,427.14,2.6,Occasional,2684.38,26,Old
2023-09-27,Sports,740.21,39.31,Premium,3499.53,26,Old
2023-09-28,Home Decor,246.39,10.07,Regular,8362.26,25,Old
2023-09-29,Electronics,119.37,12.93,Occasional,9361.3,19,Old
2023-09-30,Electronics,361.08,8.24,Occasional,1938.76,14,Old
2023-10-01,Sports,294.37,16.51,Occasional,3787.84,31,Old
2023-10-02,Home Decor,303.35,37.84,Premium,9293.44,32,Old
2023-10-03,Home Decor,241.27,25.97,Premium,711.9,39,Old
2023-10-04,Toys,51.67,10.24,Regular,1014.37,28,Old
2023-10-05,Home Decor,27.7,43.89,Premium,1711.63,23,Old
2023-10-06,Home Decor,987.85,43.98,Premium,5992.61,35,Old
2023-10-07,Home Decor,433.5,43.53,Regular,1589.68,30,Old
2023-10-08,Fashion,390.48,11.94,Occasional,9683.96,37,Old
2023-10-09,Toys,682.85,22.56,Occasional,4522.47,36,Old
2023-10-10,Electronics,226.07,49.25,Regular,5065.03,38,Old
2023-10-11,Sports,950.46,38.6,Occasional,2541.92,30,Old
2023-10-12,Electronics,788.48,1.36,Premium,4762.51,26,Old
2023-10-13,Toys,98.52,3.26,Regular,6652.94,19,Old
2023-10-14,Sports,423.4,23.2,Regular,7536.65,43,Old
2023-10-15,Toys,880.33,45.46,Regular,7563.29,22,Old
2023-10-16,Home Decor,945.28,26.94,Occasional,5821.12,35,Old
2023-10-17,Sports,472.73,24.89,Regular,9053.16,37,Old
2023-10-18,Home Decor,617.28,5.27,Regular,8192.34,36,Old
2023-10-19,Electronics,175.36,32.84,Regular,7594.78,23,Old
2023-10-20,Electronics,991.26,41.11,Occasional,650.49,15,Old
2023-10-21,Sports,239.35,19.02,Premium,168.09,36,Old
2023-10-22,Sports,943.3,38.78,Regular,2203.23,38,Old
2023-10-23,Toys,653.15,48.22,Premium,6668.88,32,Old
2023-10-24,Toys,611.66,10.19,Occasional,4170.86,26,Old
2023-10-25,Home Decor,517.56,26.17,Occasional,4083.82,33,Old
2023-10-26,Sports,238.36,14.36,Occasional,8857.41,29,Old
2023-10-27,Electronics,184.76,39.64,Occasional,8966.07,34,Old
2023-10-28,Toys,228.28,28.88,Premium,9100.84,22,Old
2023-10-29,Toys,194.57,31.73,Regular,3207.39,22,Old
2023-10-30,Electronics,781.79,39.9,Occasional,6941.45,39,Old
2023-10-31,Toys,356.62,19.8,Occasional,2789.17,35,Old
2023-11-01,Home Decor,67.26,45.75,Premium,1987.04,41,Old
2023-11-02,Sports,969.41,26.65,Premium,1927.86,28,Old
2023-11-03,Electronics,884.95,7.9,Occasional,3486.87,27,Old
2023-11-04,Sports,928.47,34.79,Regular,4356.58,34,Old
2023-11-05,Toys,994.96,39.66,Regular,8326.4,39,Old
2023-11-06,Toys,182.16,15.84,Occasional,1286.92,36,Old
2023-11-07,Electronics,402.28,42.86,Premium,7375.77,18,Old
2023-11-08,Home Decor,760.66,45.31,Occasional,5361.4,29,Old
2023-11-09,Fashion,699.06,13.85,Occasional,2950.66,25,Old
2023-11-10,Electronics,162.36,49.18,Premium,4978.91,29,Old
2023-11-11,Fashion,817.67,7.04,Occasional,3069.43,17,Old
2023-11-12,Fashion,232.2,10.1,Occasional,6001.21,33,Old
2023-11-13,Home Decor,231.58,9.21,Occasional,4395.05,34,Old
2023-11-14,Fashion,541.6,44.7,Premium,1727.61,29,Old
2023-11-15,Fashion,597.01,32.71,Regular,1254.17,18,Old
2023-11-16,Home Decor,584.29,7.61,Regular,5512.29,18,Old
2023-11-17,Fashion,100.57,22.02,Premium,9033.89,22,Old
2023-11-18,Fashion,878.69,30.76,Regular,3505.18,14,Old
2023-11-19,Fashion,272.94,4.17,Occasional,7356.7,38,Old
2023-11-20,Electronics,138.22,44.12,Regular,6620.75,33,Old
2023-11-21,Electronics,889.86,40.18,Occasional,9322.39,29,Old
2023-11-22,Electronics,956.09,25.26,Regular,8227.71,27,Old
2023-11-23,Home Decor,863.51,48.36,Premium,5709.39,32,Old
2023-11-24,Toys,811.42,20.89,Regular,6604.6,31,Old
2023-11-25,Fashion,658.69,49.21,Regular,8994.03,30,Old
2023-11-26,Fashion,555.35,33.4,Regular,4055.24,38,Old
2023-11-27,Home Decor,96.12,31.73,Premium,3335.27,37,Old
2023-11-28,Fashion,414.37,8.3,Regular,207.03,46,Old
2023-11-29,Electronics,378.96,44.1,Premium,8282.86,24,Old
2023-11-30,Toys,267.16,21.37,Occasional,8029.71,23,Old
2023-12-01,Sports,726.19,8.11,Regular,1134.1,45,Old
2023-12-02,Fashion,500.92,0.63,Premium,5810.89,32,Old
2023-12-03,Electronics,90.24,27.99,Premium,4693.42,37,Old
2023-12-04,Sports,227.98,26.37,Regular,1275.22,36,Old
2023-12-05,Toys,686.43,35.97,Occasional,9807.63,32,Old
2023-12-06,Sports,85.37,44.51,Premium,2225.49,32,Old
2023-12-07,Electronics,852.69,3.97,Regular,765.62,21,Old
2023-12-08,Sports,500.2,36.57,Occasional,5988.99,23,Old
2023-12-09,Home Decor,485.78,9.37,Premium,7414.78,24,Old
2023-12-10,Sports,596.48,42.91,Premium,421.19,24,Old
2023-12-11,Fashion,826.43,40.95,Occasional,6621.3,23,Old
2023-12-12,Fashion,354.33,27.04,Occasional,5369.69,31,Old
2023-12-13,Home Decor,681.24,35.51,Regular,1122.32,30,Old
2023-12-14,Electronics,570.07,15.72,Regular,1807.99,16,Old
2023-12-15,Fashion,274.36,23.56,Premium,5722.95,38,Old
2023-12-16,Toys,879.84,41.08,Occasional,3033.94,21,Old
2023-12-17,Fashion,799.45,22.96,Occasional,9389.33,14,Old
2023-12-18,Fashion,661.87,17.89,Occasional,8205.53,33,Old
2023-12-19,Electronics,852.08,24.71,Premium,9837.32,36,Old
2023-12-20,Sports,868.62,41.41,Occasional,2670.74,31,Old
2023-12-21,Fashion,711.28,16.76,Occasional,9700.26,25,Old
2023-12-22,Home Decor,838.64,8.69,Premium,4369.22,47,Old
2023-12-23,Sports,700.5,35.6,Regular,3540.44,37,Old
2023-12-24,Toys,683.34,41.3,Regular,598.46,43,Old
2023-12-25,Electronics,622.43,5.03,Premium,622.38,43,Old
2023-12-26,Toys,755.19,11.99,Occasional,6950.91,31,Old
2023-12-27,Sports,167.02,7.1,Premium,4633.5,24,Old
2023-12-28,Sports,882.06,17.4,Regular,2342.56,28,Old
2023-12-29,Sports,873.13,22.52,Regular,6178.31,20,Old
2023-12-30,Toys,38.95,37.44,Premium,2603.3,33,Old
2023-12-31,Sports,827.56,32.56,Premium,5818.55,20,Old
2024-01-01,Toys,137.58,31.05,Regular,3656.17,28,Old
2024-01-02,Sports,341.77,17.62,Premium,8253.17,31,Old
2024-01-03,Home Decor,746.07,42.07,Regular,8224.89,32,Old
2024-01-04,Sports,169.15,23.56,Premium,4825.77,46,Old
2024-01-05,Toys,819.79,48.96,Premium,3573.11,25,Old
2024-01-06,Fashion,833.81,31.71,Premium,3689.34,29,Old
2024-01-07,Sports,512.39,6.31,Regular,8076.57,33,Old
2024-01-08,Fashion,16.32,33.81,Premium,3348.98,38,Old
2024-01-09,Home Decor,294.17,16.26,Regular,2169.69,24,Old
2024-01-10,Electronics,620.76,34.32,Regular,938.41,44,Old
2024-01-11,Home Decor,981.37,3.48,Premium,4720.26,14,Old
2024-01-12,Sports,635.5,8.74,Premium,4873.11,32,Old
2024-01-13,Fashion,267.21,42.79,Regular,8425.0,20,Old
2024-01-14,Fashion,637.67,11.36,Regular,2290.26,33,Old
2024-01-15,Toys,544.59,41.85,Occasional,3871.81,26,Old
2024-01-16,Fashion,782.05,13.96,Regular,8103.22,35,Old
2024-01-17,Toys,115.91,32.14,Occasional,8253.87,37,Old
2024-01-18,Electronics,763.42,34.71,Occasional,3907.65,27,Old
2024-01-19,Sports,545.85,25.63,Occasional,4645.33,23,Old
2024-01-20,Toys,963.36,15.27,Premium,3102.53,24,Old
2024-01-21,Electronics,348.45,10.63,Premium,9332.29,30,Old
2024-01-22,Fashion,636.3,1.66,Regular,1274.57,38,Old
2024-01-23,Fashion,932.71,15.2,Occasional,9344.12,34,Old
2024-01-24,Electronics,111.48,32.66,Premium,6870.28,40,Old
2024-01-25,Fashion,937.86,46.92,Premium,5362.56,18,Old
2024-01-26,Electronics,691.01,43.56,Premium,423.32,29,Old
2024-01-27,Toys,77.16,38.3,Premium,4808.4,42,Old
2024-01-28,Toys,307.95,39.42,Premium,4136.71,26,Old
2024-01-29,Electronics,711.09,33.25,Occasional,1696.07,18,Old
2024-01-30,Toys,76.68,13.01,Occasional,6598.46,24,Old
2024-01-31,Toys,586.35,45.36,Occasional,9714.39,27,Old
2024-02-01,Toys,352.42,33.54,Occasional,5665.67,19,Old
2024-02-02,Home Decor,624.71,28.02,Regular,7176.06,31,Old
2024-02-03,Sports,55.28,5.55,Occasional,777.66,24,Old
2024-02-04,Fashion,872.82,22.35,Premium,4234.9,28,Old
2024-02-05,Home Decor,973.75,23.02,Occasional,1251.95,24,Old
2024-02-06,Toys,969.19,43.23,Regular,6166.68,26,Old
2024-02-07,Electronics,752.16,27.33,Premium,9390.97,34,Old
2024-02-08,Toys,138.79,19.02,Occasional,6651.6,17,Old
2024-02-09,Sports,760.68,48.84,Occasional,860.35,26,Old
2024-02-10,Toys,34.34,5.54,Occasional,3611.2,26,Old
2024-02-11,Electronics,31.9,21.13,Premium,5551.57,36,Old
2024-02-12,Sports,330.37,2.1,Premium,4091.76,32,Old
2024-02-13,Toys,493.76,37.0,Regular,8353.08,34,Old
2024-02-14,Sports,772.7,45.9,Premium,8165.24,45,Old
2024-02-15,Fashion,686.46,14.0,Premium,6157.13,22,Old
2024-02-16,Fashion,451.44,42.92,Occasional,3797.23,31,Old
2024-02-17,Toys,280.89,14.61,Premium,2627.83,32,Old
2024-02-18,Sports,997.15,45.54,Occasional,1148.16,21,Old
2024-02-19,Electronics,431.92,37.7,Occasional,3613.49,20,Old
2024-02-20,Toys,456.87,40.25,Premium,4190.41,26,Old
2024-02-21,Fashion,171.99,0.9,Regular,6790.65,26,Old
2024-02-22,Fashion,796.86,48.14,Regular,6615.78,30,Old
2024-02-23,Toys,696.75,36.33,Premium,794.07,33,Old
2024-02-24,Sports,228.56,15.24,Regular,4013.07,36,Old
2024-02-25,Fashion,91.56,41.47,Occasional,1899.61,19,Old
2024-02-26,Sports,683.69,14.08,Occasional,1652.45,27,Old
2024-02-27,Fashion,657.97,43.64,Premium,8290.29,31,Old
2024-02-28,Fashion,280.53,5.63,Regular,514.96,28,Old
2024-02-29,Home Decor,951.35,35.18,Regular,4249.91,20,Old
2024-03-01,Fashion,159.55,27.03,Occasional,1765.22,35,Old
2024-03-02,Electronics,438.01,4.83,Premium,8805.37,26,Old
2024-03-03,Toys,944.18,12.09,Regular,5614.7,32,Old
2024-03-04,Toys,425.53,0.62,Premium,2390.67,39,Old
2024-03-05,Sports,642.14,23.44,Regular,5074.03,40,Old
2024-03-06,Fashion,403.62,15.06,Occasional,7341.71,17,Old
2024-03-07,Electronics,281.47,29.92,Occasional,9585.37,29,Old
2024-03-08,Sports,984.14,14.86,Premium,2282.42,34,Old
2024-03-09,Home Decor,415.24,15.0,Occasional,8873.2,35,Old
2024-03-10,Sports,895.16,37.16,Regular,9349.61,14,Old
2024-03-11,Sports,237.66,2.41,Occasional,9172.56,37,Old
2024-03-12,Fashion,220.97,45.14,Premium,6390.6,20,Old
2024-03-13,Home Decor,40.82,42.61,Premium,6335.22,15,Old
2024-03-14,Sports,655.15,33.39,Premium,4091.79,26,Old
2024-03-15,Electronics,374.84,29.66,Regular,7548.74,32,Old
2024-03-16,Electronics,865.71,44.62,Regular,5359.81,40,Old
2024-03-17,Toys,478.48,9.27,Regular,6806.64,26,Old
2024-03-18,Home Decor,968.51,3.95,Regular,4341.73,25,Old
2024-03-19,Home Decor,193.67,11.98,Regular,7341.81,33,Old
2024-03-20,Toys,869.94,39.73,Occasional,8262.27,15,Old
2024-03-21,Sports,778.83,1.73,Regular,1549.72,26,Old
2024-03-22,Home Decor,773.21,29.14,Regular,8346.0,23,Old
2024-03-23,Electronics,846.34,49.77,Occasional,5448.94,36,Old
2024-03-24,Electronics,763.41,42.78,Regular,8462.19,19,Old
2024-03-25,Fashion,629.96,26.07,Premium,4369.89,33,Old
2024-03-26,Home Decor,139.93,3.18,Regular,3852.5,30,Old
2024-03-27,Sports,42.2,41.57,Regular,9159.1,28,Old
2024-03-28,Toys,921.64,29.95,Premium,2586.58,30,Old
2024-03-29,Toys,620.48,5.75,Premium,8457.7,26,Old
2024-03-30,Sports,798.57,4.69,Premium,4891.8,20,Old
2024-03-31,Fashion,486.71,45.48,Premium,5189.54,31,Old
2024-04-01,Toys,126.14,33.46,Regular,3153.84,31,Old
2024-04-02,Home Decor,133.93,41.46,Premium,5773.12,26,Old
2024-04-03,Fashion,688.71,43.95,Premium,3319.59,33,Old
2024-04-04,Home Decor,436.0,28.59,Occasional,488.77,29,Old
2024-04-05,Electronics,208.52,25.87,Premium,2792.79,24,Old
2024-04-06,Fashion,496.68,21.52,Premium,163.15,30,Old
2024-04-07,Toys,73.57,15.85,Occasional,9785.71,27,Old
2024-04-08,Fashion,586.15,21.73,Occasional,9660.9,30,Old
2024-04-09,Fashion,276.3,38.69,Regular,4012.04,22,Old
2024-04-10,Fashion,799.58,30.1,Occasional,7310.87,31,Old
2024-04-11,Fashion,317.26,44.63,Regular,3523.48,18,Old
2024-04-12,Home Decor,460.67,22.17,Occasional,6743.82,21,Old
2024-04-13,Electronics,21.5,30.35,Occasional,8073.76,35,Old
2024-04-14,Sports,81.72,31.57,Regular,9472.89,29,Old
2024-04-15,Fashion,398.57,29.58,Occasional,4062.1,24,Old
2024-04-16,Toys,485.14,35.13,Regular,7854.65,26,Old
2024-04-17,Fashion,604.02,11.87,Occasional,2732.69,39,Old
2024-04-18,Toys,298.75,25.62,Premium,9904.29,26,Old
2024-04-19,Home Decor,698.03,5.21,Occasional,355.12,38,Old
2024-04-20,Toys,861.52,19.23,Regular,6074.94,39,Old
2024-04-21,Sports,782.05,24.38,Occasional,6629.11,43,Old
2024-04-22,Electronics,49.22,32.61,Regular,6911.65,27,Old
2024-04-23,Toys,485.7,47.53,Regular,1291.84,21,Old
2024-04-24,Toys,113.88,30.03,Premium,9391.44,27,Old
2024-04-25,Electronics,249.62,37.18,Premium,1893.71,35,Old
2024-04-26,Sports,986.8,25.31,Regular,6265.26,24,Old
2024-04-27,Fashion,151.07,31.71,Occasional,2304.49,25,Old
2024-04-28,Toys,503.9,3.55,Regular,3141.44,33,Old
2024-04-29,Electronics,621.97,12.72,Regular,5509.94,27,Old
2024-04-30,Home Decor,705.44,18.09,Occasional,4230.21,16,Old
2024-05-01,Electronics,564.05,23.62,Occasional,1686.23,19,Old
2024-05-02,Home Decor,19.67,2.28,Occasional,1792.27,24,Old
2024-05-03,Sports,333.2,7.0,Occasional,4239.63,16,Old
2024-05-04,Fashion,522.53,13.84,Regular,7597.1,44,Old
2024-05-05,Electronics,96.99,48.58,Regular,8989.85,18,Old
2024-05-06,Toys,357.12,16.57,Premium,932.86,38,Old
2024-05-07,Sports,42.87,24.1,Regular,3991.73,27,Old
2024-05-08,Electronics,87.79,9.8,Occasional,1092.43,26,Old
2024-05-09,Toys,402.95,30.54,Premium,264.27,26,Old
2024-05-10,Electronics,141.39,14.03,Occasional,6651.01,26,Old
2024-05-11,Home Decor,571.87,10.35,Regular,6064.25,38,Old
2024-05-12,Electronics,692.57,25.83,Premium,1713.89,28,Old
2024-05-13,Electronics,802.58,0.28,Occasional,2414.75,22,Old
2024-05-14,Electronics,208.15,0.38,Premium,334.71,34,Old
2024-05-15,Sports,175.81,10.95,Premium,8365.98,24,Old
2024-05-16,Electronics,113.52,1.84,Regular,9749.44,40,Old
2024-05-17,Toys,640.07,5.4,Occasional,1441.05,35,Old
2024-05-18,Home Decor,709.41,16.94,Premium,2391.6,31,Old
2024-05-19,Home Decor,41.27,40.13,Premium,8697.25,26,Old
2024-05-20,Electronics,936.85,28.6,Occasional,9271.99,30,Old
2024-05-21,Sports,61.45,25.63,Premium,4254.31,28,Old
2024-05-22,Sports,545.88,14.67,Premium,601.16,16,Old
2024-05-23,Toys,711.97,46.59,Premium,489.98,31,Old
2024-05-24,Electronics,872.26,19.85,Occasional,5782.1,21,Old
2024-05-25,Home Decor,716.95,4.35,Occasional,3989.66,32,Old
2024-05-26,Sports,803.71,30.85,Occasional,383.66,43,Old
2024-05-27,Electronics,346.06,5.69,Occasional,5874.2,35,Old
2024-05-28,Sports,816.68,17.26,Regular,211.9,21,Old
2024-05-29,Sports,89.31,25.37,Premium,7894.98,31,Old
2024-05-30,Home Decor,895.87,43.71,Occasional,3133.68,25,Old
2024-05-31,Fashion,552.12,24.68,Premium,498.55,40,Old
2024-06-01,Toys,819.12,35.11,Premium,5924.69,29,Old
2024-06-02,Toys,457.8,49.64,Regular,4037.08,22,Old
2024-06-03,Home Decor,647.14,6.57,Occasional,9740.62,32,Old
2024-06-04,Sports,531.14,13.74,Occasional,5487.57,28,Old
2024-06-05,Electronics,734.27,19.73,Premium,2824.87,47,Old
2024-06-06,Sports,90.81,21.09,Occasional,7123.44,52,Old
2024-06-07,Home Decor,69.75,20.55,Premium,2787.77,30,Old
2024-06-08,Toys,254.63,45.38,Premium,9052.01,26,Old
2024-06-09,Sports,167.95,35.7,Regular,3809.75,22,Old
2024-06-10,Toys,873.07,30.4,Regular,5543.7,28,Old
2024-06-11,Electronics,227.02,15.47,Regular,600.67,21,Old
2024-06-12,Toys,976.11,41.19,Premium,4318.6,38,Old
2024-06-13,Toys,343.53,47.75,Occasional,8340.4,21,Old
2024-06-14,Fashion,190.3,41.06,Regular,8075.92,32,Old
2024-06-15,Fashion,791.8,0.08,Occasional,2320.75,34,Old
2024-06-16,Fashion,662.12,31.82,Regular,2338.18,28,Old
2024-06-17,Toys,503.21,2.56,Regular,8191.32,18,Old
2024-06-18,Home Decor,559.81,12.88,Premium,9310.94,23,Old
2024-06-19,Toys,722.01,2.98,Regular,1044.07,29,Old
2024-06-20,Home Decor,236.17,30.19,Regular,4555.58,33,Old
2024-06-21,Home Decor,996.37,34.33,Premium,3440.8,30,Old
2024-06-22,Fashion,975.05,5.72,Occasional,8719.82,38,Old
2024-06-23,Sports,653.82,19.19,Regular,926.9,26,Old
2024-06-24,Electronics,207.55,22.81,Premium,2190.15,30,Old
2024-06-25,Fashion,683.43,18.45,Regular,7549.44,27,Old
2024-06-26,Fashion,81.48,6.05,Premium,607.81,42,Old
2024-06-27,Sports,40.35,20.95,Occasional,4976.1,16,Old
2024-06-28,Electronics,265.11,37.56,Occasional,4476.86,50,Old
2024-06-29,Toys,468.0,3.55,Premium,3410.57,32,Old
2024-06-30,Toys,869.59,4.01,Premium,4006.27,28,Old
2024-07-01,Fashion,729.9,17.74,Premium,5346.41,27,Old
2024-07-02,Electronics,745.28,47.09,Occasional,1697.54,41,Old
2024-07-03,Fashion,431.24,33.43,Regular,5762.76,32,Old
2024-07-04,Home Decor,352.48,33.93,Occasional,8073.78,25,Old
2024-07-05,Fashion,377.33,18.1,Premium,7625.59,42,Old
2024-07-06,Fashion,987.77,29.68,Premium,1623.61,22,Old
2024-07-07,Toys,49.71,0.51,Occasional,1577.57,40,Old
2024-07-08,Toys,868.36,31.8,Premium,2754.93,35,Old
2024-07-09,Toys,582.89,45.66,Occasional,3674.64,33,Old
2024-07-10,Home Decor,444.23,30.63,Premium,4143.71,22,Old
2024-07-11,Toys,728.01,43.68,Regular,6829.0,35,Old
2024-07-12,Electronics,491.8,36.2,Regular,661.14,16,Old
2024-07-13,Sports,874.69,6.03,Premium,443.26,29,Old
2024-07-14,Electronics,901.69,45.12,Occasional,3979.91,27,Old
2024-07-15,Electronics,427.5,3.32,Regular,7001.92,13,Old
2024-07-16,Toys,284.06,26.7,Occasional,2015.01,33,Old
2024-07-17,Sports,596.43,7.11,Premium,6450.89,31,Old
2024-07-18,Sports,913.24,0.59,Occasional,2672.3,34,Old
2024-07-19,Sports,218.56,21.1,Regular,8872.25,40,Old
2024-07-20,Home Decor,626.74,14.75,Occasional,8967.33,28,Old
2024-07-21,Toys,635.24,24.3,Occasional,3043.14,15,Old
2024-07-22,Sports,735.78,28.86,Premium,2376.94,26,Old
2024-07-23,Home Decor,140.25,2.19,Premium,4171.91,37,Old
2024-07-24,Fashion,718.67,6.15,Premium,2481.26,31,Old
2024-07-25,Fashion,909.94,27.93,Regular,6756.6,36,Old
2024-07-26,Home Decor,187.89,17.16,Regular,8278.04,34,Old
2024-07-27,Home Decor,245.17,36.46,Premium,6763.61,26,Old
2024-07-28,Toys,971.68,32.61,Premium,8261.07,29,Old
2024-07-29,Toys,189.17,42.28,Regular,4030.22,28,Old
2024-07-30,Fashion,855.84,34.62,Regular,1647.54,31,Old
2024-07-31,Sports,497.36,21.5,Regular,7405.71,31,Old
2024-08-01,Fashion,254.76,33.65,Regular,3668.7,33,Old
2024-08-02,Sports,872.04,13.77,Premium,6745.58,34,Old
2024-08-03,Sports,450.85,15.32,Regular,2779.38,25,Old
2024-08-04,Toys,519.67,39.45,Premium,904.17,31,Old
2024-08-05,Electronics,365.64,22.32,Occasional,9926.56,22,Old
2024-08-06,Electronics,597.02,39.92,Occasional,1646.39,30,Old
2024-08-07,Home Decor,171.89,41.12,Regular,9885.37,28,Old
2024-08-08,Toys,397.17,42.88,Occasional,9775.07,20,Old
2024-08-09,Sports,969.72,45.83,Occasional,7958.8,29,Old
2024-08-10,Electronics,265.55,21.55,Occasional,6628.29,24,Old
2024-08-11,Sports,660.17,15.94,Regular,5820.29,24,Old
2024-08-12,Electronics,331.94,29.11,Regular,8674.41,28,Old
2024-08-13,Electronics,775.74,18.56,Occasional,2965.45,37,Old
2024-08-14,Electronics,139.56,30.05,Premium,4730.04,30,Old
2024-08-15,Toys,970.12,35.28,Occasional,6231.96,34,Old
2024-08-16,Fashion,459.25,34.42,Regular,4170.79,30,Old
2024-08-17,Sports,243.69,18.73,Regular,4332.12,31,Old
2024-08-18,Toys,82.76,8.34,Regular,3369.82,33,Old
2024-08-19,Toys,178.06,21.53,Occasional,5685.89,29,Old
2024-08-20,Toys,524.58,7.13,Premium,8520.69,31,Old
2024-08-21,Toys,343.63,44.5,Regular,2095.13,35,Old
2024-08-22,Toys,830.59,17.29,Regular,9350.89,28,Old
2024-08-23,Home Decor,436.58,7.72,Occasional,6921.97,32,Old
2024-08-24,Sports,256.23,1.27,Premium,8250.4,43,Old
2024-08-25,Toys,620.97,32.29,Occasional,5606.29,16,Old
2024-08-26,Sports,709.71,31.85,Regular,7817.22,44,Old
2024-08-27,Home Decor,175.37,17.03,Premium,260.38,29,Old
2024-08-28,Home Decor,175.94,3.59,Premium,8201.97,32,Old
2024-08-29,Sports,46.3,20.48,Regular,497.37,29,Old
2024-08-30,Electronics,739.04,15.56,Premium,8910.14,45,Old
2024-08-31,Fashion,667.17,33.86,Premium,9920.43,32,Old
2024-09-01,Electronics,479.88,30.29,Occasional,3011.27,32,Old
2024-09-02,Electronics,845.73,18.23,Regular,2182.15,30,Old
2024-09-03,Electronics,807.61,10.89,Regular,7677.1,29,Old
2024-09-04,Toys,589.5,49.4,Regular,2604.96,24,Old
2024-09-05,Home Decor,869.59,22.7,Regular,8669.07,32,Old
2024-09-06,Electronics,213.78,34.41,Regular,1118.14,25,Old
2024-09-07,Home Decor,120.8,7.03,Premium,1346.96,35,Old
2024-09-08,Sports,277.05,24.28,Occasional,9793.6,22,Old
2024-09-09,Fashion,66.52,1.38,Regular,6771.01,22,Old
2024-09-10,Sports,535.86,25.27,Occasional,8484.18,33,Old
2024-09-11,Sports,937.24,48.2,Occasional,3310.86,24,Old
2024-09-12,Toys,48.95,19.21,Premium,6797.19,34,Old
2024-09-13,Fashion,130.89,1.95,Regular,5982.99,35,Old
2024-09-14,Sports,457.68,1.55,Premium,6071.19,32,Old
2024-09-15,Sports,934.54,19.4,Regular,6857.07,40,Old
2024-09-16,Fashion,322.99,8.0,Premium,5796.06,41,Old
2024-09-17,Fashion,512.16,1.17,Occasional,4347.72,45,Old
2024-09-18,Sports,51.16,37.81,Regular,2831.63,24,Old
2024-09-19,Fashion,156.86,22.93,Occasional,7708.96,37,Old
2024-09-20,Sports,986.76,14.46,Occasional,2340.1,48,Old
2024-09-21,Sports,965.47,45.0,Premium,6954.31,25,Old
2024-09-22,Toys,14.89,5.81,Regular,2409.99,20,Old
2024-09-23,Electronics,952.29,47.8,Occasional,6290.77,17,Old
2024-09-24,Sports,642.73,15.7,Premium,7496.07,44,Old
2024-09-25,Home Decor,869.24,44.42,Regular,2265.27,30,Old
2024-09-26,Electronics,460.19,30.15,Regular,693.44,34,Old
2024-09-27,Electronics,520.44,41.34,Occasional,1396.64,31,Old
2024-09-28,Electronics,493.96,49.2,Regular,6099.37,38,Old
2024-09-29,Toys,670.2,14.42,Occasional,8509.52,32,Old
2024-09-30,Sports,148.25,48.06,Regular,545.47,27,Old
2024-10-01,Toys,39.67,19.47,Premium,7368.1,24,Old
2024-10-02,Sports,314.85,19.28,Occasional,3479.05,40,Old
2024-10-03,Toys,707.63,17.02,Occasional,4837.43,57,Old
2024-10-04,Toys,209.83,27.07,Regular,9295.71,27,Old
2024-10-05,Home Decor,676.7,7.71,Regular,3386.52,28,Old
2024-10-06,Toys,970.21,27.69,Occasional,4706.84,41,Old
2024-10-07,Fashion,102.96,27.09,Regular,235.46,37,Old
2024-10-08,Home Decor,675.88,38.1,Premium,907.83,27,Old
2024-10-09,Toys,449.31,41.68,Regular,2660.06,21,Old
2024-10-10,Electronics,869.46,22.02,Premium,375.74,25,Old
2024-10-11,Fashion,185.38,15.12,Premium,6350.62,30,Old
2024-10-12,Fashion,695.7,12.97,Premium,4321.34,18,Old
2024-10-13,Fashion,839.73,9.73,Premium,5526.64,17,Old
2024-10-14,Home Decor,945.17,2.88,Premium,1829.01,27,Old
2024-10-15,Toys,686.42,17.12,Regular,3029.73,27,Old
2024-10-16,Toys,502.2,13.51,Premium,6671.86,28,Old
2024-10-17,Electronics,621.67,48.32,Regular,9656.5,37,Old
2024-10-18,Electronics,870.22,27.89,Premium,599.13,33,Old
2024-10-19,Fashion,574.9,17.36,Occasional,8914.8,31,Old
2024-10-20,Electronics,40.08,29.02,Premium,5811.12,19,Old
2024-10-21,Home Decor,931.64,6.96,Occasional,5682.8,40,Old
2024-10-22,Toys,692.63,22.2,Premium,5052.76,33,Old
2024-10-23,Fashion,679.75,31.31,Premium,787.0,47,Old
2024-10-24,Electronics,223.52,24.44,Premium,989.78,40,Old
2024-10-25,Home Decor,662.3,20.09,Occasional,6049.03,28,Old
2024-10-26,Home Decor,399.93,49.69,Occasional,3475.49,30,Old
2024-10-27,Electronics,654.72,44.02,Premium,9180.95,28,Old
2024-10-28,Toys,115.53,31.17,Regular,4125.25,37,Old
2024-10-29,Electronics,661.27,28.47,Premium,1518.49,34,Old
2024-10-30,Fashion,999.42,31.03,Occasional,7175.72,25,Old
2024-10-31,Electronics,57.73,10.07,Premium,3004.2,32,Old
2024-11-01,Home Decor,977.4,19.76,Occasional,5302.16,24,Old
2024-11-02,Electronics,412.84,1.97,Occasional,7008.54,27,Old
2024-11-03,Toys,872.05,23.78,Occasional,9012.61,29,Old
2024-11-04,Sports,784.56,27.15,Premium,7942.69,34,Old
2024-11-05,Electronics,571.35,11.39,Occasional,6795.97,28,Old
2024-11-06,Toys,741.06,48.2,Occasional,6828.37,46,Old
2024-11-07,Toys,879.73,45.47,Premium,9464.65,27,Old
2024-11-08,Home Decor,410.1,36.11,Occasional,3028.66,30,Old
2024-11-09,Toys,333.76,26.67,Premium,111.01,28,Old
2024-11-10,Toys,670.92,43.5,Occasional,2792.35,35,Old
2024-11-11,Toys,809.77,6.53,Regular,2257.12,39,Old
2024-11-12,Toys,764.66,39.53,Regular,6652.16,46,Old
2024-11-13,Fashion,799.84,6.24,Occasional,6373.74,40,Old
2024-11-14,Fashion,441.23,39.71,Regular,5975.27,38,Old
2024-11-15,Home Decor,819.66,13.79,Premium,260.81,37,Old
2024-11-16,Electronics,129.01,43.85,Regular,7314.9,34,Old
2024-11-17,Toys,549.04,47.2,Occasional,3302.95,24,Old
2024-11-18,Electronics,15.7,7.44,Occasional,6684.05,18,Old
2024-11-19,Electronics,331.34,23.13,Premium,5610.13,30,Old
2024-11-20,Home Decor,372.8,49.05,Occasional,3493.04,28,Old
2024-11-21,Toys,402.21,24.17,Premium,1432.31,32,Old
2024-11-22,Toys,698.51,43.18,Regular,1034.75,24,Old
2024-11-23,Sports,394.67,29.44,Regular,8332.03,17,Old
2024-11-24,Electronics,454.21,18.77,Premium,9192.14,36,Old
2024-11-25,Electronics,245.17,14.29,Premium,6532.9,23,Old
2024-11-26,Fashion,379.52,10.16,Occasional,1124.0,31,Old
2024-11-27,Sports,235.0,38.09,Regular,4080.07,30,Old
2024-11-28,Fashion,82.46,19.33,Premium,7316.5,22,Old
2024-11-29,Fashion,607.41,25.56,Regular,7820.23,19,Old
2024-11-30,Fashion,671.53,24.62,Premium,1270.36,41,Old
2024-12-01,Home Decor,623.3,28.86,Regular,100.3,28,Old
2024-12-02,Home Decor,468.86,43.28,Occasional,7150.16,26,Old
2024-12-03,Fashion,385.99,49.04,Regular,3630.3,33,Old
2024-12-04,Sports,864.7,20.38,Regular,2619.37,28,Old
2024-12-05,Electronics,523.89,41.38,Regular,227.68,32,Old
2024-12-06,Sports,484.39,38.23,Regular,5448.96,36,Old
2024-12-07,Toys,35.39,28.68,Regular,8526.39,30,Old
2024-12-08,Home Decor,347.84,47.8,Occasional,9580.55,16,Old
2024-12-09,Electronics,386.39,10.02,Premium,5700.88,38,Old
2024-12-10,Electronics,404.83,5.46,Regular,5193.17,42,Old
2024-12-11,Toys,584.37,42.7,Occasional,942.06,20,Old
2024-12-12,Toys,538.27,21.96,Regular,5533.84,32,Old
2024-12-13,Fashion,611.83,42.35,Regular,3861.79,26,Old
2024-12-14,Home Decor,767.23,44.65,Premium,6110.64,22,Old
2024-12-15,Home Decor,814.86,3.12,Regular,3948.39,32,Old
2024-12-16,Sports,720.94,44.17,Occasional,2478.96,45,Old
2024-12-17,Fashion,955.97,22.42,Occasional,1040.16,25,Old
2024-12-18,Fashion,28.05,25.52,Premium,3217.69,28,Old
2024-12-19,Fashion,203.82,31.33,Regular,1056.78,22,Old
2024-12-20,Fashion,17.49,46.32,Occasional,1851.28,19,Old
2024-12-21,Home Decor,651.0,0.96,Regular,9874.63,47,Old
2024-12-22,Home Decor,899.05,23.84,Regular,4496.63,35,Old
2024-12-23,Fashion,251.05,34.39,Regular,5365.53,13,Old
2024-12-24,Sports,927.76,36.14,Premium,8748.82,28,Old
2024-12-25,Electronics,69.66,34.63,Regular,9956.13,22,Old
2024-12-26,Electronics,935.09,6.72,Occasional,5868.87,41,Old
2024-12-27,Sports,358.11,14.97,Regular,8143.49,29,Old
2024-12-28,Fashion,110.41,17.94,Occasional,3336.72,47,Old
2024-12-29,Home Decor,491.01,40.22,Regular,3126.87,19,Old
2024-12-30,Electronics,264.21,13.94,Occasional,4086.77,21,Old
2024-12-31,Toys,292.02,10.54,Occasional,6757.82,38,Old
2025-01-01,Toys,314.22,47.87,Regular,6853.7,46,Old
2025-01-02,Sports,805.0,0.44,Regular,3220.87,25,Old
2025-01-03,Fashion,543.77,49.89,Occasional,1418.78,15,Old
2025-01-04,Electronics,318.19,33.84,Premium,6360.72,19,Old
2025-01-05,Fashion,614.23,41.42,Regular,1370.43,26,Old
2025-01-06,Electronics,718.99,14.73,Premium,5827.08,36,Old
2025-01-07,Sports,279.9,0.72,Regular,6964.88,26,Old
2025-01-08,Sports,419.41,36.89,Regular,7036.05,31,Old
2025-01-09,Toys,130.67,41.71,Regular,7559.37,31,Old
2025-01-10,Fashion,189.34,37.02,Regular,8741.31,25,Old
2025-01-11,Toys,684.31,7.14,Premium,5049.59,27,Old
2025-01-12,Fashion,189.62,37.67,Regular,7329.47,31,Old
2025-01-13,Toys,529.91,38.45,Occasional,6229.81,24,Old
2025-01-14,Home Decor,711.96,32.93,Occasional,1947.74,27,Old
2025-01-15,Home Decor,115.81,38.31,Premium,354.33,36,Old
2025-01-16,Home Decor,571.64,42.3,Regular,2916.96,15,Old
2025-01-17,Home Decor,264.0,30.68,Occasional,4486.03,26,Old
2025-01-18,Electronics,963.3,4.43,Premium,6209.35,31,Old
2025-01-19,Home Decor,488.71,24.38,Regular,8514.6,43,Old
2025-01-20,Sports,807.93,3.88,Occasional,2042.83,24,Old
2025-01-21,Sports,554.72,20.38,Occasional,1342.94,15,Old
2025-01-22,Electronics,52.98,20.36,Premium,9638.45,25,Old
2025-01-23,Home Decor,636.82,3.3,Regular,1169.64,32,Old
2025-01-24,Home Decor,951.89,17.44,Regular,4837.06,36,Old
2025-01-25,Home Decor,605.6,5.55,Occasional,5897.08,33,Old
2025-01-26,Toys,821.0,40.41,Occasional,5459.61,17,Old
2025-01-27,Fashion,885.36,47.38,Occasional,951.72,39,Old
2025-01-28,Toys,235.8,3.62,Regular,664.57,40,Old
2025-01-29,Fashion,219.92,47.76,Premium,1144.29,36,Old
2025-01-30,Home Decor,614.87,26.13,Premium,5897.32,29,Old
2025-01-31,Home Decor,416.92,14.98,Regular,5489.01,28,Old
2025-02-01,Toys,841.46,3.84,Premium,2414.03,37,Old
2025-02-02,Toys,901.02,25.03,Occasional,6413.96,34,Old
2025-02-03,Fashion,359.89,39.73,Premium,8218.67,36,Old
2025-02-04,Sports,244.5,35.35,Premium,511.63,30,Old
2025-02-05,Fashion,782.72,2.51,Premium,5031.49,24,Old
2025-02-06,Toys,282.06,3.65,Occasional,6924.17,28,Old
2025-02-07,Toys,824.39,20.14,Regular,2597.89,31,Old
2025-02-08,Electronics,429.5,14.76,Occasional,3146.93,41,Old
2025-02-09,Toys,670.87,11.62,Regular,6175.02,21,Old
2025-02-10,Electronics,104.58,14.05,Regular,8989.56,18,Old
2025-02-11,Sports,627.62,40.17,Regular,8118.25,21,Old
2025-02-12,Fashion,457.25,46.46,Premium,5872.99,28,Old
2025-02-13,Fashion,590.74,20.26,Premium,7329.2,27,Old
2025-02-14,Electronics,176.33,45.31,Regular,3711.74,27,Old
2025-02-15,Fashion,739.51,16.07,Regular,6445.56,28,Old
2025-02-16,Toys,864.17,23.82,Premium,4715.2,35,Old
2025-02-17,Home Decor,224.57,11.3,Occasional,1980.37,20,Old
2025-02-18,Electronics,104.76,32.02,Regular,7047.21,34,Old
2025-02-19,Fashion,33.4,48.95,Occasional,5609.0,31,Old
2025-02-20,Electronics,645.55,30.17,Premium,3650.35,34,Old
2025-02-21,Electronics,611.02,17.89,Regular,9122.26,38,Old
2025-02-22,Home Decor,551.23,32.39,Occasional,307.25,30,Old
2025-02-23,Toys,239.63,6.15,Occasional,3226.15,25,Old
2025-02-24,Electronics,397.0,44.43,Occasional,663.13,28,Old
2025-02-25,Fashion,598.53,25.15,Premium,7688.62,40,Old
2025-02-26,Sports,501.8,22.47,Premium,7050.86,25,Old
2025-02-27,Electronics,987.91,29.29,Occasional,3380.39,22,Old
2025-02-28,Electronics,145.08,31.24,Occasional,6789.06,28,Old
2025-03-01,Home Decor,698.19,3.59,Premium,4019.78,24,Old
2025-03-02,Toys,410.28,34.13,Occasional,7586.91,32,Old
2025-03-03,Sports,433.92,12.1,Occasional,4596.42,15,Old
2025-03-04,Fashion,720.42,35.7,Premium,4181.57,32,Old
2025-03-05,Sports,695.51,41.13,Occasional,9353.83,37,Old
2025-03-06,Fashion,991.34,40.2,Occasional,2583.7,31,Old
2025-03-07,Toys,137.11,27.63,Occasional,1292.43,27,Old
2025-03-08,Fashion,113.07,26.01,Premium,5886.98,19,Old
2025-03-09,Home Decor,727.1,7.14,Occasional,9696.29,31,Old
2025-03-10,Home Decor,582.6,38.77,Premium,3840.61,32,Old
2025-03-11,Home Decor,281.42,13.57,Premium,714.16,23,Old
2025-03-12,Home Decor,88.63,24.83,Regular,3459.12,24,Old
2025-03-13,Sports,94.8,14.21,Regular,5108.72,36,Old
2025-03-14,Toys,895.25,6.69,Occasional,1703.04,31,Old
2025-03-15,Fashion,199.95,31.48,Premium,6615.21,36,Old
2025-03-16,Fashion,330.14,2.72,Regular,9977.72,34,Old
2025-03-17,Home Decor,234.39,37.43,Occasional,4572.22,28,Old
2025-03-18,Home Decor,361.45,15.88,Regular,3611.81,32,Old
2025-03-19,Electronics,78.73,0.01,Regular,4066.97,37,Old
2025-03-20,Toys,523.87,25.56,Premium,1239.95,34,Old
2025-03-21,Sports,76.94,2.34,Premium,8844.41,36,Old
2025-03-22,Fashion,802.35,13.81,Regular,4206.77,18,Old
2025-03-23,Electronics,241.37,35.35,Regular,3934.02,29,Old
2025-03-24,Electronics,544.61,3.13,Premium,6630.93,22,Old
2025-03-25,Fashion,881.28,41.97,Occasional,4476.13,45,Old
2025-03-26,Sports,654.37,0.19,Premium,6517.51,33,Old
2025-03-27,Electronics,537.63,12.34,Regular,708.32,33,Old
2025-03-28,Electronics,331.09,37.05,Occasional,8155.86,40,Old
2025-03-29,Toys,339.67,15.81,Regular,9410.99,30,Old
2025-03-30,Sports,672.79,5.09,Occasional,6522.78,39,Old
2025-03-31,Electronics,994.2,18.01,Regular,9550.2,28,Old
2025-04-01,Sports,665.22,13.52,Occasional,1599.18,30,Old
2025-04-02,Fashion,562.21,42.14,Occasional,4826.42,30,Old
2025-04-03,Home Decor,733.34,15.67,Regular,6057.89,37,Old
2025-04-04,Electronics,470.55,39.45,Occasional,5859.19,31,Old
2025-04-05,Toys,69.54,44.59,Premium,4074.47,33,Old
2025-04-06,Fashion,566.67,21.69,Regular,3447.04,18,Old
2025-04-07,Sports,958.05,45.5,Premium,1355.56,31,Old
2025-04-08,Fashion,183.55,18.87,Regular,3978.25,31,Old
2025-04-09,Electronics,693.1,48.2,Occasional,1710.34,25,Old
2025-04-10,Sports,208.92,4.46,Occasional,7370.22,22,Old
2025-04-11,Home Decor,540.47,34.35,Occasional,2167.43,27,Old
2025-04-12,Fashion,105.71,24.69,Regular,679.8,19,Old
2025-04-13,Electronics,455.87,19.38,Premium,5568.42,28,Old
2025-04-14,Toys,758.6,31.64,Premium,5992.77,34,Old
2025-04-15,Sports,354.1,35.19,Regular,8731.94,28,Old
2025-04-16,Fashion,668.26,0.22,Regular,5812.12,23,Old
2025-04-17,Fashion,797.5,8.35,Premium,3520.26,23,Old
2025-04-18,Home Decor,927.91,35.65,Premium,8049.82,28,Old
2025-04-19,Home Decor,242.3,33.32,Premium,5448.76,22,Old
2025-04-20,Toys,405.32,48.3,Premium,884.87,36,Old
2025-04-21,Toys,160.89,38.05,Regular,5701.92,36,Old
2025-04-22,Electronics,992.56,47.54,Regular,9089.38,40,Old
2025-04-23,Electronics,927.73,35.13,Occasional,4023.49,19,Old
2025-04-24,Toys,544.56,14.9,Premium,3033.63,33,Old
2025-04-25,Toys,843.61,5.27,Occasional,1520.35,31,Old
2025-04-26,Sports,525.75,39.09,Regular,1599.31,29,Old
2025-04-27,Home Decor,627.35,32.21,Regular,4384.44,29,Old
2025-04-28,Electronics,98.23,2.41,Occasional,5997.23,31,Old
2025-04-29,Home Decor,757.72,18.0,Premium,898.09,26,Old
2025-04-30,Home Decor,136.44,47.84,Premium,9401.73,34,Old
2025-05-01,Toys,827.81,25.02,Premium,7575.82,32,Old
2025-05-02,Sports,784.21,21.64,Premium,5907.58,20,Old
2025-05-03,Fashion,711.66,22.88,Occasional,8301.54,33,Old
2025-05-04,Sports,45.8,10.44,Occasional,893.85,34,Old
2025-05-05,Sports,310.1,18.44,Regular,4820.7,35,Old
2025-05-06,Home Decor,270.48,18.49,Premium,6337.92,35,Old
2025-05-07,Sports,366.54,2.62,Premium,8303.66,29,Old
2025-05-08,Electronics,96.77,38.38,Premium,7856.35,27,Old
2025-05-09,Home Decor,937.59,20.83,Occasional,2842.99,29,Old
2025-05-10,Electronics,558.26,41.11,Premium,9414.71,20,Old
2025-05-11,Fashion,312.47,42.52,Occasional,1331.02,39,Old
2025-05-12,Home Decor,403.01,10.6,Premium,8763.82,39,Old
2025-05-13,Fashion,452.73,32.87,Premium,9712.31,21,Old
2025-05-14,Home Decor,604.59,23.61,Regular,1853.82,37,Old
2025-05-15,Toys,520.52,44.01,Premium,7248.45,25,Old
2025-05-16,Sports,920.2,10.79,Premium,498.83,29,Old
2025-05-17,Toys,501.99,33.89,Regular,4113.69,24,Old
2025-05-18,Fashion,992.24,30.39,Occasional,5211.2,37,Old
2025-05-19,Sports,852.91,14.77,Occasional,5848.39,28,Old
2025-05-20,Home Decor,216.43,6.83,Premium,9365.78,32,Old
2025-05-21,Sports,931.29,32.58,Occasional,6755.28,38,Old
2025-05-22,Electronics,125.2,36.93,Premium,4864.65,40,Old
2025-05-23,Sports,819.28,15.78,Regular,8115.78,23,Old
2025-05-24,Electronics,386.82,32.24,Regular,9510.27,28,Old
2025-05-25,Sports,879.19,19.76,Premium,318.45,27,Old
2025-05-26,Electronics,869.38,35.66,Regular,9826.96,27,Old
2025-05-27,Fashion,807.87,9.96,Regular,952.71,26,Old
2025-05-28,Toys,792.13,44.51,Premium,8162.43,42,Old
2025-05-29,Home Decor,311.63,14.37,Premium,2875.31,26,Old
2025-05-30,Sports,90.11,18.39,Regular,1408.58,32,Old
2025-05-31,Toys,408.95,2.9,Occasional,4454.57,39,Old
2025-06-01,Home Decor,181.79,5.58,Occasional,6475.17,18,Old
2025-06-02,Home Decor,698.0,25.79,Premium,3871.42,29,Old
2025-06-03,Electronics,352.64,13.38,Premium,640.2,18,Old
2025-06-04,Fashion,975.85,41.77,Occasional,6034.67,38,Old
2025-06-05,Fashion,644.56,0.73,Regular,9033.79,33,Old
2025-06-06,Toys,824.26,18.95,Occasional,3893.83,23,Old
2025-06-07,Fashion,141.2,16.87,Occasional,2241.69,30,Old
2025-06-08,Sports,863.39,0.97,Occasional,4481.52,26,Old
2025-06-09,Fashion,923.53,6.22,Occasional,578.79,42,Old
2025-06-10,Toys,492.19,20.68,Premium,8222.83,32,Old
2025-06-11,Fashion,610.19,24.64,Premium,8280.77,25,Old
2025-06-12,Sports,767.16,20.21,Regular,5921.2,22,Old
2025-06-13,Electronics,183.09,26.55,Regular,3595.72,35,Old
2025-06-14,Toys,507.54,29.76,Regular,8017.86,22,Old
2025-06-15,Electronics,404.68,0.5,Regular,5591.4,30,Old
2025-06-16,Electronics,154.91,23.2,Occasional,8276.73,39,Old
2025-06-17,Electronics,373.86,48.17,Premium,6351.44,34,Old
2025-06-18,Home Decor,77.49,25.95,Premium,7865.61,32,Old
2025-06-19,Home Decor,35.55,33.88,Regular,6025.77,33,Old
2025-06-20,Electronics,143.81,15.59,Regular,4200.0,26,Old
2025-06-21,Toys,963.48,38.7,Occasional,9583.66,26,Old
2025-06-22,Sports,554.03,38.65,Occasional,5457.03,31,Old
2025-06-23,Sports,966.16,26.06,Regular,6090.39,28,Old
2025-06-24,Fashion,438.17,48.8,Premium,2282.83,29,Old
2025-06-25,Toys,318.7,6.28,Premium,6293.94,27,Old
2025-06-26,Home Decor,511.08,0.85,Premium,5758.92,24,Old
2025-06-27,Electronics,445.12,38.51,Regular,1929.9,27,Old
2025-06-28,Fashion,114.61,40.36,Premium,689.91,40,Old
2025-06-29,Sports,644.42,6.01,Occasional,6083.16,32,Old
2025-06-30,Home Decor,223.88,13.28,Occasional,7660.55,31,Old
2025-07-01,Home Decor,623.39,0.88,Regular,5281.67,38,Old
2025-07-02,Electronics,653.7,14.67,Occasional,2345.05,36,Old
2025-07-03,Sports,160.5,38.66,Regular,6698.57,36,Old
2025-07-04,Toys,70.74,25.9,Premium,893.05,22,Old
2025-07-05,Home Decor,782.95,17.4,Premium,4474.15,27,Old
2025-07-06,Electronics,465.2,18.59,Premium,1717.33,31,Old
2025-07-07,Toys,67.58,0.07,Occasional,1926.14,24,Old
2025-07-08,Sports,994.92,14.99,Regular,2102.71,38,Old
2025-07-09,Home Decor,67.2,32.32,Premium,3928.4,35,Old
2025-07-10,Toys,698.08,48.71,Regular,606.39,32,Old
2025-07-11,Toys,983.84,42.35,Premium,4038.16,27,Old
2025-07-12,Toys,246.79,1.18,Occasional,5165.9,38,Old
2025-07-13,Home Decor,150.83,44.93,Occasional,4884.61,11,Old
2025-07-14,Home Decor,130.17,39.16,Regular,3889.56,32,Old
2025-07-15,Fashion,310.24,39.02,Occasional,8407.55,26,Old
2025-07-16,Sports,110.04,22.9,Occasional,1538.73,23,Old
2025-07-17,Electronics,695.24,19.9,Regular,5106.4,37,Old
2025-07-18,Toys,71.67,15.15,Premium,714.21,31,Old
2025-07-19,Fashion,514.33,3.28,Occasional,804.44,20,Old
2025-07-20,Electronics,996.73,11.41,Regular,5781.27,24,Old
2025-07-21,Fashion,815.83,12.33,Occasional,5703.58,33,Old
2025-07-22,Home Decor,619.07,24.2,Occasional,8792.53,25,Old
2025-07-23,Toys,313.19,37.37,Occasional,5622.95,20,Old
2025-07-24,Electronics,627.66,23.69,Occasional,9601.93,35,Old
2025-07-25,Electronics,531.77,2.89,Regular,582.08,41,Old
2025-07-26,Electronics,431.82,47.89,Regular,1070.28,25,Old
2025-07-27,Electronics,139.4,47.14,Regular,536.25,35,Old
2025-07-28,Electronics,887.74,39.26,Occasional,1934.24,40,Old
2025-07-29,Fashion,455.29,49.57,Occasional,5458.57,28,Old
2025-07-30,Toys,202.68,27.22,Occasional,6491.16,22,Old
2025-07-31,Home Decor,374.08,48.14,Regular,551.29,20,Old
2025-08-01,Home Decor,419.99,3.78,Occasional,9465.11,31,Old
2025-08-02,Home Decor,829.26,18.28,Premium,8437.44,20,Old
2025-08-03,Home Decor,736.28,11.27,Occasional,3036.46,21,Old
2025-08-04,Fashion,771.61,9.79,Premium,864.16,34,Old
2025-08-05,Sports,20.92,7.04,Occasional,1781.88,25,Old
2025-08-06,Toys,421.99,31.12,Regular,1356.75,42,Old
2025-08-07,Electronics,486.53,39.07,Occasional,1320.51,19,Old
2025-08-08,Sports,29.0,28.91,Premium,5233.76,38,Old
2025-08-09,Home Decor,267.22,7.35,Premium,2533.89,28,Old
2025-08-10,Sports,762.69,40.56,Occasional,3645.58,41,Old
2025-08-11,Toys,145.74,31.8,Premium,9896.1,15,Old
2025-08-12,Electronics,539.96,19.41,Premium,6874.71,29,Old
2025-08-13,Electronics,223.05,33.71,Regular,9494.91,28,Old
2025-08-14,Toys,22.0,13.0,Occasional,1511.31,23,Old
2025-08-15,Toys,248.79,17.26,Occasional,3883.18,20,Old
2025-08-16,Home Decor,976.12,45.87,Occasional,5591.84,33,Old
2025-08-17,Electronics,803.52,14.53,Premium,859.9,38,Old
2025-08-18,Sports,959.98,23.5,Occasional,141.46,18,Old
2025-08-19,Fashion,492.98,44.51,Occasional,6737.3,28,Old
2025-08-20,Fashion,118.64,35.39,Regular,6454.01,26,Old
2025-08-21,Toys,552.48,3.11,Regular,4166.81,30,Old
2025-08-22,Home Decor,459.83,7.37,Regular,4947.48,27,Old
2025-08-23,Fashion,845.91,0.39,Premium,4212.89,38,Old
2025-08-24,Electronics,107.1,31.55,Occasional,337.65,23,Old
2025-08-25,Toys,493.36,22.38,Regular,3420.18,35,Old
2025-08-26,Sports,158.55,6.71,Regular,1853.11,31,Old
2025-08-27,Toys,331.43,47.9,Regular,1074.4,26,Old
2025-08-28,Sports,739.98,26.48,Occasional,9571.53,19,Old
2025-08-29,Toys,481.26,12.09,Occasional,6033.66,27,Old
2025-08-30,Toys,382.13,25.03,Occasional,7313.7,26,Old
2025-08-31,Toys,400.53,33.98,Premium,3222.1,30,Old
2025-09-01,Sports,464.85,3.81,Premium,3992.16,23,Old
2025-09-02,Sports,787.17,13.74,Regular,2445.55,19,Old
2025-09-03,Toys,893.16,40.35,Occasional,1059.96,29,Old
2025-09-04,Fashion,955.78,22.98,Regular,1872.41,27,Old
2025-09-05,Home Decor,789.03,27.33,Occasional,7995.39,43,Old
2025-09-06,Home Decor,322.25,21.64,Occasional,6807.7,30,Old
2025-09-07,Home Decor,691.25,2.19,Occasional,5514.6,46,Old
2025-09-08,Sports,443.23,8.29,Premium,4803.39,36,Old
2025-09-09,Sports,262.12,22.28,Premium,9232.1,32,Old
2025-09-10,Fashion,842.46,10.46,Occasional,820.08,23,Old
2025-09-11,Home Decor,48.04,2.5,Regular,2877.95,21,Old
2025-09-12,Home Decor,902.74,42.18,Occasional,3564.38,36,Old
2025-09-13,Toys,466.86,49.06,Occasional,7846.02,23,Old
2025-09-14,Sports,640.83,39.66,Regular,9925.89,34,Old
2025-09-15,Home Decor,662.76,42.69,Occasional,2482.64,21,Old
2025-09-16,Fashion,896.17,12.1,Regular,8755.64,23,Old
2025-09-17,Fashion,640.3,48.03,Premium,8323.17,33,Old
2025-09-18,Home Decor,617.79,9.85,Premium,2324.11,26,Old
2025-09-19,Sports,75.99,47.57,Regular,4053.39,42,Old
2025-09-20,Fashion,523.22,49.74,Premium,4155.76,35,Old
2025-09-21,Toys,158.67,35.59,Premium,9784.38,26,Old
2025-09-22,Fashion,740.06,49.06,Regular,1890.83,34,Old
2025-09-23,Electronics,517.1,28.48,Premium,8011.66,21,Old
2025-09-24,Electronics,683.43,12.98,Occasional,3408.51,19,Old
2025-09-25,Sports,51.26,21.85,Occasional,7335.62,26,Old
2025-09-26,Home Decor,93.94,29.68,Regular,4258.11,39,Old
2023-01-01,Sports,1081.0614529692236,53.730000000000004,Regular,8814.494,31,New
2023-01-02,Sports,647.2919305196773,5.4,Premium,8849.828000000001,17,New
2023-01-03,Sports,638.0568741061335,5.34,Regular,4932.083,31,New
2023-01-04,Toys,1035.0955070561854,0.915,Premium,12249.575,31,New
2023-01-05,Fashion,755.3031595462681,71.745,Occasional,2283.879,18,New
2023-01-06,Fashion,188.95915340254996,55.32000000000001,Premium,6569.628000000001,25,New
2023-01-07,Toys,579.189743219958,26.490000000000002,Regular,9021.675000000001,28,New
2023-01-08,Electronics,665.1925726985927,22.245,Premium,9102.132000000001,24,New
2023-01-09,Electronics,404.11052127969964,26.235,Occasional,8477.989,32,New
2023-01-10,Home Decor,808.2319674947267,58.095,Regular,3672.955,26,New
2023-01-11,Electronics,1101.5256558467704,49.605000000000004,Premium,2140.385,27,New
2023-01-12,Toys,898.5712070021733,13.89,Occasional,8314.553000000002,26,New
2023-01-13,Fashion,445.6899980211477,13.065000000000001,Regular,7843.017000000001,42,New
2023-01-14,Fashion,130.18262058811212,7.38,Regular,2438.306,31,New
2023-01-15,Sports,1092.9274286507034,49.53,Premium,9205.144,27,New
2023-01-16,Sports,763.8408766775558,57.33,Regular,5988.06,35,New
2023-01-17,Home Decor,145.43603002990938,19.875,Premium,8724.079,22,New
2023-01-18,Home Decor,832.3027861578186,1.5750000000000002,Premium,10906.909000000001,35,New
2023-01-19,Electronics,842.764896455795,6.165000000000001,Occasional,2314.403,22,New
2023-01-20,Fashion,605.1871783964286,72.58500000000001,Premium,376.38899999999995,20,New
2023-01-21,Sports,629.2230412290298,22.155,Occasional,10157.056,22,New
2023-01-22,Toys,400.47213287290697,57.69,Regular,7976.8,28,New
2023-01-23,Electronics,68.5917496788104,46.845,Premium,9134.359,41,New
2023-01-24,Toys,343.02217789569215,28.650000000000002,Regular,10917.048999999999,32,New
2023-01-25,Fashion,758.7982354786759,15.419999999999998,Occasional,10462.179,40,New
2023-01-26,Sports,15.20178870921498,9.105,Regular,12497.043000000001,28,New
2023-01-27,Fashion,341.98826192158083,46.125,Premium,7027.488,23,New
2023-01-28,Home Decor,397.02675590818603,58.095,Premium,6416.943,28,New
2023-01-29,Electronics,490.08473862593667,48.300000000000004,Regular,5302.284,33,New
2023-01-30,Home Decor,1056.174003827482,39.78,Premium,2108.002,29,New
2023-01-31,Toys,335.60513169253437,3.1500000000000004,Premium,7499.453,34,New
2023-02-01,Fashion,410.42722562110885,72.63,Premium,3695.146,19,New
2023-02-02,Electronics,787.3507210946708,59.91,Occasional,11987.222000000002,30,New
2023-02-03,Fashion,511.96632879643516,21.96,Occasional,7635.667,34,New
2023-02-04,Sports,230.1745618952627,73.5,Occasional,7759.856,31,New
2023-02-05,Toys,548.7598357230848,45.135,Regular,4697.875,31,New
2023-02-06,Sports,171.01388726035293,43.68,Occasional,799.0970000000001,33,New
2023-02-07,Fashion,202.95503986569724,56.099999999999994,Occasional,538.538,38,New
2023-02-08,Fashion,463.0013343721549,60.885000000000005,Premium,5578.326000000001,29,New
2023-02-09,Home Decor,509.2874595058064,49.230000000000004,Regular,1218.3600000000001,37,New
2023-02-10,Sports,924.4693264912594,9.600000000000001,Regular,7940.114,34,New
2023-02-11,Electronics,379.80774166694994,25.365000000000002,Occasional,11468.118999999999,45,New
2023-02-12,Toys,660.2455001454094,69.6,Premium,11493.118,21,New
2023-02-13,Toys,614.0541924789522,16.845,Regular,8611.915,35,New
2023-02-14,Electronics,21.272521518599344,27.915,Regular,2848.56,18,New
2023-02-15,Toys,741.9202412585128,32.400000000000006,Occasional,11236.771,35,New
2023-02-16,Electronics,191.94562469616142,32.955,Occasional,11534.029,17,New
2023-02-17,Electronics,961.4412323053572,45.974999999999994,Premium,2660.931,35,New
2023-02-18,Sports,185.60473967964026,70.725,Occasional,9620.676000000001,32,New
2023-02-19,Fashion,443.2175053979831,18.044999999999998,Regular,3817.502,46,New
2023-02-20,Toys,106.70790396075037,9.120000000000001,Regular,10459.982,33,New
2023-02-21,Home Decor,1139.9379137583085,14.805,Premium,12964.458,27,New
2023-02-22,Fashion,507.7449543167027,66.525,Premium,516.438,38,New
2023-02-23,Home Decor,627.8062783187712,48.435,Occasional,11679.096000000001,53,New
2023-02-24,Fashion,70.26247572825196,21.450000000000003,Occasional,8143.252,20,New
2023-02-25,Home Decor,840.9578542480641,61.199999999999996,Regular,12657.437,36,New
2023-02-26,Sports,258.68181049276865,64.605,Premium,6114.667,24,New
2023-02-27,Toys,1046.4273064915965,63.495,Premium,11035.882,30,New
2023-02-28,Sports,226.95060875206443,68.92500000000001,Occasional,933.0100000000001,36,New
2023-03-01,Sports,236.32521585393826,18.915,Regular,4445.0380000000005,23,New
2023-03-02,Home Decor,43.47310778711392,56.625,Premium,992.498,14,New
2023-03-03,Electronics,435.7693154458649,34.545,Regular,12682.67,20,New
2023-03-04,Toys,614.7633019047438,63.150000000000006,Premium,10644.452000000001,41,New
2023-03-05,Fashion,77.95130558787754,54.63,Premium,11102.286,18,New
2023-03-06,Fashion,793.0082057189773,58.230000000000004,Regular,12201.618,24,New
2023-03-07,Fashion,528.0452209498525,49.215,Occasional,1225.276,24,New
2023-03-08,Fashion,614.9967327742327,13.305,Premium,5092.646000000001,27,New
2023-03-09,Sports,433.9533232037717,40.875,Occasional,1044.2250000000001,42,New
2023-03-10,Fashion,469.74202711884686,73.845,Regular,2842.905,42,New
2023-03-11,Fashion,509.85122911347503,70.30499999999999,Regular,3081.9359999999997,35,New
2023-03-12,Toys,151.81101668352062,3.24,Regular,6167.408,27,New
2023-03-13,Home Decor,207.19251917202578,12.36,Occasional,3586.4010000000003,37,New
2023-03-14,Fashion,946.7464497517147,9.885,Occasional,1429.584,35,New
2023-03-15,Fashion,1111.7952196425488,54.449999999999996,Premium,2285.608,33,New
2023-03-16,Home Decor,341.63561265232494,61.335,Regular,2025.439,38,New
2023-03-17,Fashion,256.7235373119087,16.02,Premium,12653.498,37,New
2023-03-18,Home Decor,626.9609691824841,37.935,Occasional,9902.1,23,New
2023-03-19,Sports,458.94936662379746,63.06,Premium,12585.092,23,New
2023-03-20,Toys,33.99662687825218,54.96,Regular,5789.459000000001,44,New
2023-03-21,Home Decor,152.2953430691221,40.665,Premium,3712.605,14,New
2023-03-22,Home Decor,851.5076780694576,44.28,Regular,10404.03,30,New
2023-03-23,Electronics,600.7540897052055,38.13,Occasional,4328.883,30,New
2023-03-24,Electronics,33.71031671756335,22.32,Occasional,3983.07,40,New
2023-03-25,Toys,244.45802499967422,42.375,Occasional,3122.353,29,New
2023-03-26,Toys,264.08518204128666,51.66,Regular,1798.966,31,New
2023-03-27,Home Decor,772.8881281344148,65.505,Premium,3430.674,37,New
2023-03-28,Fashion,32.47179950625349,47.714999999999996,Premium,4702.9710000000005,33,New
2023-03-29,Sports,131.28330224705553,57.09,Regular,8804.302,31,New
2023-03-30,Sports,889.9831967895734,12.0,Premium,935.207,32,New
2023-03-31,Home Decor,190.71363109026348,34.62,Occasional,2839.226,23,New
2023-04-01,Fashion,675.8287568588293,0.705,Premium,10542.129,33,New
2023-04-02,Home Decor,244.3879351780926,18.495,Occasional,2020.8890000000001,24,New
2023-04-03,Fashion,99.21872139834721,54.480000000000004,Regular,4539.847000000001,37,New
2023-04-04,Fashion,296.8538702469436,74.385,Regular,11258.156,27,New
2023-04-05,Home Decor,702.9677934639934,7.4399999999999995,Premium,2123.888,33,New
2023-04-06,Electronics,973.4976262927637,30.105,Premium,1194.817,33,New
2023-04-07,Home Decor,941.4458941406018,60.0,Regular,6366.009000000001,28,New
2023-04-08,Sports,411.4736996697913,15.299999999999999,Occasional,4022.1349999999998,34,New
2023-04-09,Fashion,719.4542177644221,41.625,Regular,7381.062,25,New
2023-04-10,Sports,225.8757772281429,54.974999999999994,Regular,10474.971,36,New
2023-04-11,Home Decor,298.37950236764254,46.2,Regular,1895.101,32,New
2023-04-12,Fashion,915.5867575517267,14.100000000000001,Occasional,7603.5960000000005,16,New
2023-04-13,Fashion,21.394296141315543,26.655,Premium,6635.902,29,New
2023-04-14,Home Decor,112.80778079531405,58.785,Regular,1984.294,34,New
2023-04-15,Fashion,246.70063806598296,41.565,Occasional,8160.867,32,New
2023-04-16,Home Decor,32.64653814671919,0.39,Occasional,3651.752,16,New
2023-04-17,Home Decor,191.9306461701537,57.074999999999996,Premium,6408.428000000001,34,New
2023-04-18,Home Decor,665.6689492669907,2.6550000000000002,Occasional,1188.8500000000001,24,New
2023-04-19,Home Decor,425.4391954227778,55.935,Premium,6044.844,35,New
2023-04-20,Fashion,976.5047959557716,15.18,Occasional,4074.187,23,New
2023-04-21,Electronics,758.8904044147652,71.85,Premium,10714.041,28,New
2023-04-22,Fashion,377.40616892041317,27.599999999999998,Premium,863.3170000000001,28,New
2023-04-23,Fashion,272.8186672928801,24.525000000000002,Premium,5517.473,24,New
2023-04-24,Electronics,450.8339357921371,11.16,Premium,6030.011,20,New
2023-04-25,Fashion,563.2200453528129,22.919999999999998,Premium,9460.828000000001,41,New
2023-04-26,Fashion,278.13026205434016,65.745,Regular,7521.085,21,New
2023-04-27,Sports,573.9788414856499,74.73,Regular,8717.02,28,New
2023-04-28,Home Decor,417.24050921682715,27.630000000000003,Premium,10130.627,39,New
2023-04-29,Home Decor,534.3642014021653,33.644999999999996,Occasional,11226.553,23,New
2023-04-30,Electronics,492.9122100535924,54.150000000000006,Regular,4169.581,27,New
2023-05-01,Electronics,280.09632906029185,66.465,Premium,7054.3460000000005,39,New
2023-05-02,Electronics,894.9703882894606,44.474999999999994,Premium,10942.191,32,New
2023-05-03,Home Decor,714.3407780752246,29.369999999999997,Regular,12864.241,31,New
2023-05-04,Home Decor,163.28006738908465,30.945,Regular,11578.112000000001,40,New
2023-05-05,Home Decor,1013.0170193995712,52.17,Premium,4910.789000000001,36,New
2023-05-06,Home Decor,450.3763519455208,0.24,Regular,2641.795,20,New
2023-05-07,Toys,992.5845470760229,46.47,Occasional,6428.487,22,New
2023-05-08,Home Decor,935.8736755171285,26.655,Regular,9674.925000000001,21,New
2023-05-09,Sports,463.38732707743617,59.565,Premium,6469.359,22,New
2023-05-10,Home Decor,35.97353203948516,6.9750000000000005,Premium,6348.537,47,New
2023-05-11,Toys,292.3424889028849,44.115,Occasional,10918.024,31,New
2023-05-12,Home Decor,587.9845728330998,36.075,Occasional,4781.27,29,New
2023-05-13,Home Decor,677.1865429455864,48.17999999999999,Regular,11195.561,32,New
2023-05-14,Electronics,272.0963545684825,4.86,Premium,5365.581,14,New
2023-05-15,Home Decor,170.81630894530505,43.5,Occasional,4354.363,30,New
2023-05-16,Fashion,818.5477942648425,42.105000000000004,Occasional,5972.85,28,New
2023-05-17,Electronics,972.3863069451124,42.045,Premium,9942.686000000002,49,New
2023-05-18,Sports,595.2803544360228,45.255,Occasional,1751.6460000000002,22,New
2023-05-19,Electronics,180.07903650102165,50.730000000000004,Regular,2657.915,58,New
2023-05-20,Sports,267.6230450413004,60.375,Premium,12375.09,24,New
2023-05-21,Sports,26.268324379183458,20.235,Premium,2388.581,36,New
2023-05-22,Toys,883.4422480505182,61.875,Premium,7436.650000000001,39,New
2023-05-23,Home Decor,120.27964312180336,37.365,Regular,7585.773,37,New
2023-05-24,Home Decor,645.6019458446791,5.775,Regular,6431.464,35,New
2023-05-25,Home Decor,325.1817122849681,4.3950000000000005,Occasional,8427.874,35,New
2023-05-26,Sports,550.0461989818683,25.065,Regular,3087.8640000000005,23,New
2023-05-27,Home Decor,670.3401867746526,58.86,Regular,7242.768,45,New
2023-05-28,Sports,858.3529743500883,53.07000000000001,Occasional,4919.876,30,New
2023-05-29,Sports,205.8018515380372,59.144999999999996,Regular,8645.663,44,New
2023-05-30,Home Decor,23.243507400552463,38.79,Occasional,1947.543,27,New
2023-05-31,Fashion,136.98454864800902,33.015,Premium,7477.197,39,New
2023-06-01,Electronics,881.3340714223873,11.055,Premium,2514.434,27,New
2023-06-02,Toys,858.613370985479,24.615000000000002,Regular,3716.1410000000005,19,New
2023-06-03,Toys,720.7420449441157,32.55,Premium,2944.799,24,New
2023-06-04,Electronics,575.7659481674513,6.645,Regular,2483.117,25,New
2023-06-05,Sports,786.9656688410176,16.544999999999998,Regular,10756.902000000002,31,New
2023-06-06,Home Decor,197.08394446076937,44.865,Premium,3807.05,19,New
2023-06-07,Electronics,888.0317701938736,55.17,Regular,12062.089000000002,20,New
2023-06-08,Fashion,409.3013064141395,74.88,Occasional,12612.951000000001,31,New
2023-06-09,Home Decor,419.47758360790715,69.99,Occasional,7482.124,43,New
2023-06-10,Electronics,625.4251098428514,48.19500000000001,Premium,1970.423,30,New
2023-06-11,Sports,62.59307128321858,31.589999999999996,Premium,4950.439,20,New
2023-06-12,Electronics,170.39957041596546,47.714999999999996,Regular,10396.815,25,New
2023-06-13,Electronics,871.1789558827113,58.92,Regular,4858.321,21,New
2023-06-14,Fashion,89.59316859725799,8.879999999999999,Regular,1249.911,31,New
2023-06-15,Toys,644.9211330315006,30.75,Premium,7295.821,17,New
2023-06-16,Fashion,262.2214614985543,62.985,Premium,11006.710000000001,40,New
2023-06-17,Fashion,418.19883764004203,28.785000000000004,Regular,10373.571,44,New
2023-06-18,Toys,309.7055479875199,42.885,Occasional,2383.8360000000002,26,New
2023-06-19,Electronics,356.16685602433245,44.085,Premium,8788.481,43,New
2023-06-20,Fashion,714.902973394303,13.830000000000002,Occasional,2967.8869999999997,23,New
2023-06-21,Sports,306.8216072491345,27.165,Occasional,2938.3250000000003,48,New
2023-06-22,Electronics,644.4642055441294,25.095,Regular,11379.303,35,New
2023-06-23,Toys,443.91132566798234,1.965,Regular,3343.236,25,New
2023-06-24,Electronics,606.3486569333594,1.815,Premium,3517.9950000000003,26,New
2023-06-25,Fashion,1070.6720045363834,62.37,Occasional,138.411,36,New
2023-06-26,Electronics,820.4550020445729,20.475,Premium,11335.506000000001,33,New
2023-06-27,Home Decor,223.59951681943622,38.849999999999994,Occasional,10330.697,29,New
2023-06-28,Home Decor,43.713902298545186,22.41,Regular,8203.728000000001,22,New
2023-06-29,Electronics,320.99832959475003,70.545,Occasional,9785.919,31,New
2023-06-30,Electronics,705.9259856771027,19.44,Occasional,2086.864,41,New
2023-07-01,Toys,55.14849315026993,32.22,Premium,6028.62,33,New
2023-07-02,Toys,548.315999620602,65.46000000000001,Premium,4650.191000000001,17,New
2023-07-03,Sports,542.8715041358201,63.150000000000006,Regular,1336.9070000000002,25,New
2023-07-04,Electronics,355.826915267041,13.965,Regular,6386.496999999999,27,New
2023-07-05,Home Decor,698.9366281131395,60.19500000000001,Premium,11979.916,34,New
2023-07-06,Toys,129.71565743790399,34.365,Premium,645.567,36,New
2023-07-07,Electronics,99.7165853223864,36.224999999999994,Premium,3881.098,24,New
2023-07-08,Home Decor,772.3806535212099,10.004999999999999,Regular,2801.058,28,New
2023-07-09,Electronics,566.4521251584318,6.045,Premium,3194.945,39,New
2023-07-10,Home Decor,724.9478463529211,54.599999999999994,Premium,11821.550000000001,29,New
2023-07-11,Sports,440.25209557120473,37.230000000000004,Regular,6154.044000000001,17,New
2023-07-12,Sports,229.29208437026583,32.76,Occasional,6131.268,39,New
2023-07-13,Home Decor,948.6344531030534,54.72,Premium,9918.61,24,New
2023-07-14,Toys,771.0501659633585,57.42,Occasional,2118.311,40,New
2023-07-15,Toys,723.0474016844619,11.925,Premium,6401.109,44,New
2023-07-16,Fashion,272.64888306557737,45.765,Premium,5663.905000000001,25,New
2023-07-17,Sports,636.0854624624633,10.155,Occasional,7812.246,23,New
2023-07-18,Electronics,351.99080458281975,56.355000000000004,Occasional,12994.306000000002,41,New
2023-07-19,Toys,96.79705687428792,49.275000000000006,Premium,10032.802,37,New
2023-07-20,Sports,935.48892354147,71.745,Occasional,5250.531,25,New
2023-07-21,Toys,133.44416988703412,5.175000000000001,Occasional,10780.614000000001,34,New
2023-07-22,Fashion,877.5782553598285,4.275,Premium,2327.013,30,New
2023-07-23,Home Decor,468.61955065832313,21.165,Premium,522.067,22,New
2023-07-24,Toys,224.88978414671104,19.634999999999998,Occasional,2761.252,33,New
2023-07-25,Home Decor,505.6820159436315,18.525,Regular,4511.091,41,New
2023-07-26,Electronics,828.6469703918889,67.965,Regular,6701.175,45,New
2023-07-27,Sports,749.0358653473916,18.72,Premium,8046.714,40,New
2023-07-28,Electronics,885.8077923786215,20.4,Occasional,11849.5,17,New
2023-07-29,Electronics,616.2485341158587,56.955,Premium,6691.8150000000005,25,New
2023-07-30,Home Decor,728.9435607133958,33.735,Occasional,6581.419000000001,34,New
2023-07-31,Home Decor,793.3230042943238,58.260000000000005,Regular,776.633,30,New
2023-08-01,Toys,236.49686736213852,4.905,Regular,579.306,42,New
2023-08-02,Home Decor,453.3089989397071,36.57,Regular,7223.424,27,New
2023-08-03,Sports,229.95740259129786,2.52,Premium,5769.361000000001,40,New
2023-08-04,Electronics,1023.6164803232847,4.695,Regular,10930.257,28,New
2023-08-05,Sports,1028.9300205804514,67.98,Regular,2197.949,43,New
2023-08-06,Sports,53.62719619607902,10.44,Premium,451.386,38,New
2023-08-07,Electronics,841.9615064165989,39.93,Occasional,5909.124,31,New
2023-08-08,Electronics,837.0642333919517,30.825000000000003,Premium,3186.352,31,New
2023-08-09,Toys,173.93616497444427,26.055,Occasional,768.534,24,New
2023-08-10,Toys,659.9479967713613,67.485,Premium,9455.576000000001,29,New
2023-08-11,Fashion,828.9728006705188,1.6350000000000002,Premium,1566.201,26,New
2023-08-12,Fashion,49.141782772610235,49.785,Regular,7959.068,31,New
2023-08-13,Toys,686.6249433574094,72.255,Premium,3747.107,29,New
2023-08-14,Toys,279.80715108671694,42.015,Premium,2362.893,37,New
2023-08-15,Home Decor,879.0165847708495,70.26,Regular,5017.402,40,New
2023-08-16,Toys,1148.5499940343138,3.915,Premium,10444.603000000001,36,New
2023-08-17,Home Decor,1079.1493367592177,31.410000000000004,Occasional,5176.249,23,New
2023-08-18,Fashion,446.7988036134873,19.515,Premium,9792.406,29,New
2023-08-19,Fashion,1011.0543924193566,54.81,Occasional,1745.003,38,New
2023-08-20,Home Decor,946.122499203258,73.59,Occasional,10075.572,27,New
2023-08-21,Sports,378.9553349651456,19.245,Regular,3179.332,47,New
2023-08-22,Toys,876.0793461694938,49.065,Occasional,8848.047,25,New
2023-08-23,Toys,48.19927901557272,14.850000000000001,Occasional,7411.612,35,New
2023-08-24,Sports,589.3904422821221,42.405,Regular,12088.089000000002,41,New
2023-08-25,Home Decor,230.44139665211733,34.8,Occasional,5114.8369999999995,15,New
2023-08-26,Toys,149.7789947406826,72.9,Premium,981.552,23,New
2023-08-27,Home Decor,90.19958639285375,45.644999999999996,Regular,376.532,43,New
2023-08-28,Toys,737.3260247071491,26.22,Occasional,10771.67,24,New
2023-08-29,Sports,362.95492709223936,8.55,Occasional,6883.344,27,New
2023-08-30,Sports,786.853061382279,11.34,Occasional,10107.396,24,New
2023-08-31,Electronics,68.45436164184378,16.905,Occasional,3147.053,27,New
2023-09-01,Home Decor,317.3418818360765,18.825000000000003,Premium,4571.229,38,New
2023-09-02,Home Decor,509.90622725395616,63.795,Regular,517.439,34,New
2023-09-03,Electronics,943.0973421523107,42.089999999999996,Premium,12504.401000000002,36,New
2023-09-04,Electronics,332.92904051484385,39.255,Premium,8725.457,27,New
2023-09-05,Electronics,645.9407307586974,8.61,Occasional,12140.349,39,New
2023-09-06,Sports,843.4592060632194,64.515,Premium,3546.933,24,New
2023-09-07,Electronics,670.0333171231399,54.21,Premium,7999.537,34,New
2023-09-08,Fashion,233.40912734624087,5.07,Regular,8862.295,40,New
2023-09-09,Fashion,37.55142590041534,53.085,Premium,4216.862,19,New
2023-09-10,Toys,901.564795546838,40.769999999999996,Premium,11045.164,27,New
2023-09-11,Fashion,28.211873614257414,6.135,Occasional,12319.97,32,New
2023-09-12,Home Decor,838.9002615637468,34.38,Occasional,11518.091,38,New
2023-09-13,Home Decor,514.6831217028085,36.345,Premium,9641.788,27,New
2023-09-14,Fashion,978.7924589405987,12.434999999999999,Regular,3700.9700000000003,27,New
2023-09-15,Sports,794.0522266765072,70.92,Occasional,3754.4,27,New
2023-09-16,Fashion,943.2393611881032,63.75,Occasional,12528.451000000001,39,New
2023-09-17,Home Decor,408.74143779240796,50.175000000000004,Premium,262.366,38,New
2023-09-18,Electronics,744.9621607438992,34.665,Regular,9345.557,40,New
2023-09-19,Electronics,470.0503288431022,30.884999999999998,Regular,9219.392,4,New
2023-09-20,Electronics,537.4695251808727,48.824999999999996,Regular,8144.019,28,New
2023-09-21,Fashion,615.9801619333273,40.905,Premium,12872.704,31,New
2023-09-22,Sports,789.1763607114274,4.665,Premium,4143.893,16,New
2023-09-23,Home Decor,1177.7312345986431,38.445,Premium,4505.436,23,New
2023-09-24,Home Decor,911.7605467597892,60.480000000000004,Regular,1145.95,23,New
2023-09-25,Fashion,470.8936497183897,34.44,Regular,5828.81,33,New
2023-09-26,Electronics,454.7283769478759,3.9000000000000004,Premium,3489.6940000000004,24,New
2023-09-27,Electronics,721.0265329408485,58.965,Premium,4549.389,25,New
2023-09-28,Sports,252.29418108675586,15.105,Premium,10870.938,27,New
2023-09-29,Electronics,114.74100965554234,19.395,Premium,12169.689999999999,22,New
2023-09-30,Home Decor,349.18152453599157,12.36,Premium,2520.388,14,New
2023-10-01,Sports,336.46168828994394,24.765,Premium,4924.192,28,New
2023-10-02,Toys,277.7967317597784,56.760000000000005,Occasional,12081.472000000002,33,New
2023-10-03,Electronics,249.9785743808092,38.955,Occasional,925.47,38,New
2023-10-04,Electronics,53.5115256185848,15.36,Occasional,1318.681,27,New
2023-10-05,Toys,31.4854865995708,65.83500000000001,Premium,2225.119,25,New
2023-10-06,Toys,1103.9752230043746,65.97,Regular,7790.393,39,New
2023-10-07,Sports,426.8216966866933,65.295,Occasional,2066.5840000000003,28,New
2023-10-08,Sports,396.01248874749655,17.91,Regular,12589.148,43,New
2023-10-09,Toys,636.9359683003617,33.839999999999996,Regular,5879.211,33,New
2023-10-10,Toys,210.78347612569624,73.875,Occasional,6584.539,39,New
2023-10-11,Fashion,968.0334976771434,57.900000000000006,Regular,3304.496,28,New
2023-10-12,Sports,936.7524012064301,2.04,Occasional,6191.263000000001,26,New
2023-10-13,Sports,91.76310374975499,4.89,Premium,8648.822,19,New
2023-10-14,Home Decor,396.0303123818901,34.8,Premium,9797.645,44,New
2023-10-15,Sports,1031.1321080700127,68.19,Regular,9832.277,23,New
2023-10-16,Toys,879.2750061089017,40.410000000000004,Occasional,7567.456,38,New
2023-10-17,Fashion,558.492328123538,37.335,Occasional,11769.108,40,New
2023-10-18,Sports,585.3741494210874,7.904999999999999,Regular,10650.042000000001,33,New
2023-10-19,Sports,196.02892320138537,49.260000000000005,Premium,9873.214,24,New
2023-10-20,Home Decor,962.6871143680576,61.665,Regular,845.6370000000001,15,New
2023-10-21,Toys,255.0623613809155,28.53,Occasional,218.51700000000002,42,New
2023-10-22,Sports,1025.5154292333152,58.17,Premium,2864.199,40,New
2023-10-23,Fashion,684.9122966388632,72.33,Occasional,8669.544,36,New
2023-10-24,Fashion,665.8155486322374,15.285,Regular,5422.1179999999995,28,New
2023-10-25,Home Decor,488.3173847888808,39.255,Occasional,5308.966,38,New
2023-10-26,Toys,226.32035749436187,21.54,Regular,11514.633,27,New
2023-10-27,Fashion,183.9714690237238,59.46,Occasional,11655.891,35,New
2023-10-28,Sports,207.52270441996086,43.32,Premium,11831.092,20,New
2023-10-29,Sports,184.75639368475157,47.595,Premium,4169.607,25,New
2023-10-30,Electronics,848.702867798444,59.849999999999994,Premium,9023.885,35,New
2023-10-31,Home Decor,377.59232193167605,29.700000000000003,Premium,3625.9210000000003,36,New
2023-11-01,Fashion,75.57720508380147,68.625,Occasional,2583.152,42,New
2023-11-02,Toys,945.4062238430429,39.974999999999994,Regular,2506.218,29,New
2023-11-03,Toys,908.6434519728828,11.850000000000001,Regular,4532.931,31,New
2023-11-04,Fashion,1107.7626962504507,52.185,Occasional,5663.554,39,New
2023-11-05,Home Decor,1158.0637833928643,59.489999999999995,Occasional,10824.32,41,New
2023-11-06,Fashion,170.91015924175642,23.759999999999998,Regular,1672.996,35,New
2023-11-07,Fashion,432.67379148596126,64.28999999999999,Regular,9588.501,21,New
2023-11-08,Home Decor,807.3753225918267,67.965,Occasional,6969.82,27,New
2023-11-09,Fashion,832.8397209419545,20.775,Occasional,3835.8579999999997,29,New
2023-11-10,Home Decor,192.97234874815987,73.77,Premium,6472.583,31,New
2023-11-11,Toys,974.9374666199284,10.56,Regular,3990.259,17,New
2023-11-12,Fashion,271.91104013989565,15.149999999999999,Regular,7801.573,35,New
2023-11-13,Sports,242.96529763121347,13.815000000000001,Premium,5713.5650000000005,39,New
2023-11-14,Electronics,540.2597744078163,67.05000000000001,Occasional,2245.893,33,New
2023-11-15,Toys,632.6297386073362,49.065,Regular,1630.421,19,New
2023-11-16,Sports,696.5410176731873,11.415000000000001,Regular,7165.977,17,New
2023-11-17,Home Decor,118.30891087994577,33.03,Occasional,11744.056999999999,24,New
2023-11-18,Fashion,997.8935575572032,46.14,Regular,4556.734,15,New
2023-11-19,Sports,289.2053336053593,6.255,Regular,9563.710000000001,44,New
2023-11-20,Toys,128.27318994106474,66.17999999999999,Premium,8606.975,37,New
2023-11-21,Electronics,853.4268438682454,60.269999999999996,Regular,12119.107,32,New
2023-11-22,Fashion,1084.0204836421897,37.89,Occasional,10696.023,31,New
2023-11-23,Toys,981.731711850383,72.53999999999999,Premium,7422.207,30,New
2023-11-24,Fashion,890.3295179850111,31.335,Premium,8585.980000000001,28,New
2023-11-25,Home Decor,745.4379089493721,73.815,Regular,11692.239000000001,31,New
2023-11-26,Toys,512.7379211139516,50.099999999999994,Regular,5271.812,37,New
2023-11-27,Fashion,103.96897465973683,47.595,Premium,4335.851000000001,42,New
2023-11-28,Electronics,439.0682649801725,12.450000000000001,Regular,269.139,51,New
2023-11-29,Fashion,401.5809711825786,66.15,Occasional,10767.718,25,New
2023-11-30,Toys,309.23540762362904,32.055,Occasional,10438.623,22,New
2023-12-01,Fashion,827.6036521221962,12.165,Occasional,1474.33,52,New
2023-12-02,Sports,520.9039063412996,0.9450000000000001,Occasional,7554.157000000001,32,New
2023-12-03,Fashion,103.7832388113894,41.985,Regular,6101.446,37,New
2023-12-04,Fashion,221.85415224058394,39.555,Occasional,1657.786,37,New
2023-12-05,Fashion,760.9103589227642,53.955,Premium,12749.919,35,New
2023-12-06,Toys,79.08861423064045,66.765,Regular,2893.1369999999997,36,New
2023-12-07,Electronics,823.6377478902723,5.955,Premium,995.306,20,New
2023-12-08,Fashion,475.67588915539335,54.855000000000004,Regular,7785.687,27,New
2023-12-09,Electronics,578.2266373603476,14.055,Premium,9639.214,26,New
2023-12-10,Fashion,555.1445272259995,64.365,Regular,547.547,25,New
2023-12-11,Electronics,774.3431444899206,61.425000000000004,Occasional,8607.69,21,New
2023-12-12,Home Decor,379.90579432036805,40.56,Regular,6980.597,37,New
2023-12-13,Sports,710.1018742938528,53.265,Premium,1459.016,35,New
2023-12-14,Sports,665.0325047721768,23.580000000000002,Premium,2350.387,16,New
2023-12-15,Fashion,300.8570565707027,35.339999999999996,Occasional,7439.835,36,New
2023-12-16,Electronics,1048.1789476339836,61.62,Premium,3944.1220000000003,24,New
2023-12-17,Home Decor,805.6562281090368,34.44,Regular,12206.129,14,New
2023-12-18,Electronics,725.755095430193,26.835,Premium,10667.189000000002,36,New
2023-12-19,Home Decor,801.1310688415323,37.065,Premium,12788.516,38,New
2023-12-20,Sports,788.4749733616931,62.114999999999995,Occasional,3471.962,29,New
2023-12-21,Toys,678.8307616932623,25.14,Regular,12610.338000000002,29,New
2023-12-22,Electronics,888.9984308095978,13.035,Premium,5679.986000000001,44,New
2023-12-23,Sports,768.6328119078884,53.400000000000006,Regular,4602.572,37,New
2023-12-24,Sports,633.5027565486214,61.949999999999996,Regular,777.998,42,New
2023-12-25,Toys,585.9338367068037,7.545,Occasional,809.094,47,New
2023-12-26,Fashion,795.6297189037747,17.985,Premium,9036.183,34,New
2023-12-27,Fashion,168.72716829616758,10.649999999999999,Occasional,6023.55,27,New
2023-12-28,Fashion,878.6631256064551,26.099999999999998,Premium,3045.328,33,New
2023-12-29,Toys,819.5341671877828,33.78,Regular,8031.803000000001,22,New
2023-12-30,Toys,38.566238273867484,56.16,Occasional,3384.2900000000004,32,New
2023-12-31,Electronics,907.0451154506095,48.84,Premium,7564.115000000001,22,New
2024-01-01,Sports,145.05280566573086,46.575,Regular,4753.021000000001,27,New
2024-01-02,Electronics,378.5463304691022,26.43,Occasional,10729.121000000001,29,New
2024-01-03,Toys,817.111262246102,63.105000000000004,Occasional,10692.357,36,New
2024-01-04,Home Decor,156.5885558248488,35.339999999999996,Regular,6273.501000000001,44,New
2024-01-05,Electronics,947.6136073580791,73.44,Premium,4645.043000000001,26,New
2024-01-06,Sports,970.9639914765328,47.565,Occasional,4796.142000000001,27,New
2024-01-07,Electronics,497.4500346322731,9.465,Premium,10499.541,34,New
2024-01-08,Home Decor,15.103531893561858,50.715,Regular,4353.674,44,New
2024-01-09,Fashion,308.6090786437895,24.39,Regular,2820.597,23,New
2024-01-10,Electronics,688.938867149856,51.480000000000004,Occasional,1219.933,40,New
2024-01-11,Toys,1115.3285248264492,5.22,Premium,6136.338000000001,16,New
2024-01-12,Sports,757.6611735165055,13.11,Occasional,6335.043,29,New
2024-01-13,Sports,285.4570075322425,64.185,Occasional,10952.5,23,New
2024-01-14,Fashion,579.8048987155959,17.04,Regular,2977.338,31,New
2024-01-15,Sports,572.2344979905998,62.775000000000006,Occasional,5033.353,28,New
2024-01-16,Fashion,714.6454474193041,20.94,Premium,10534.186000000002,36,New
2024-01-17,Home Decor,104.57013476749707,48.21,Regular,10730.031,41,New
2024-01-18,Toys,757.939676743194,52.065,Regular,5079.945000000001,29,New
2024-01-19,Sports,582.0757710985614,38.445,Occasional,6038.929,27,New
2024-01-20,Fashion,1009.9854735911464,22.905,Premium,4033.289,22,New
2024-01-21,Fashion,338.9482233050088,15.945,Occasional,12131.977,32,New
2024-01-22,Toys,618.2765956850669,2.4899999999999998,Occasional,1656.941,43,New
2024-01-23,Toys,1050.43406917549,22.799999999999997,Occasional,12147.356000000002,32,New
2024-01-24,Sports,106.22237517289483,48.989999999999995,Premium,8931.364,45,New
2024-01-25,Electronics,865.4646699309767,70.38,Regular,6971.328,20,New
2024-01-26,Fashion,726.67324823776,65.34,Regular,550.316,29,New
2024-01-27,Electronics,84.29508919030216,57.449999999999996,Occasional,6250.92,46,New
2024-01-28,Toys,317.48601124555864,59.13,Premium,5377.723,30,New
2024-01-29,Sports,794.6827413914398,49.875,Occasional,2204.891,17,New
2024-01-30,Home Decor,69.21751443052706,19.515,Premium,8577.998,27,New
2024-01-31,Sports,545.3023242227373,68.03999999999999,Occasional,12628.707,27,New
2024-02-01,Toys,368.4422464337651,50.31,Premium,7365.371,20,New
2024-02-02,Home Decor,637.1093277779084,42.03,Regular,9328.878,31,New
2024-02-03,Sports,60.50292556504714,8.325,Occasional,1010.958,26,New
2024-02-04,Home Decor,811.2931749712578,33.525000000000006,Occasional,5505.37,30,New
2024-02-05,Electronics,945.0980360310369,34.53,Premium,1627.535,27,New
2024-02-06,Electronics,1030.8639612299683,64.845,Regular,8016.684000000001,24,New
2024-02-07,Home Decor,857.5555199130973,40.995,Occasional,12208.261,32,New
2024-02-08,Electronics,157.4846370719428,28.53,Premium,8647.08,15,New
2024-02-09,Home Decor,890.7487465320694,73.26,Premium,1118.4550000000002,25,New
2024-02-10,Home Decor,39.85262516364428,8.31,Regular,4694.5599999999995,24,New
2024-02-11,Toys,34.37114744788186,31.695,Regular,7217.041,33,New
2024-02-12,Toys,347.8667503264001,3.1500000000000004,Regular,5319.2880000000005,37,New
2024-02-13,Toys,582.7099909023542,55.5,Regular,10859.004,34,New
2024-02-14,Fashion,893.5419516873112,68.85,Occasional,10614.812,51,New
2024-02-15,Fashion,793.7233232624143,21.0,Regular,8004.269,21,New
2024-02-16,Toys,480.5328497799126,64.38,Regular,4936.399,29,New
2024-02-17,Fashion,277.162872349513,21.915,Occasional,3416.179,31,New
2024-02-18,Electronics,1080.0872763939076,68.31,Occasional,1492.6080000000002,20,New
2024-02-19,Home Decor,397.3689182224714,56.550000000000004,Regular,4697.537,21,New
2024-02-20,Electronics,490.7019097447672,60.375,Regular,5447.533,24,New
2024-02-21,Toys,158.37705710602984,1.35,Premium,8827.845,27,New
2024-02-22,Home Decor,752.9986854003283,72.21000000000001,Occasional,8600.514,28,New
2024-02-23,Toys,755.7845735008267,54.495,Premium,1032.2910000000002,38,New
2024-02-24,Sports,227.8606085188149,22.86,Premium,5216.991,42,New
2024-02-25,Fashion,89.39158779704746,62.205,Regular,2469.493,19,New
2024-02-26,Sports,643.7572596920313,21.12,Regular,2148.185,26,New
2024-02-27,Sports,772.5052095597288,65.46000000000001,Occasional,10777.377000000002,30,New
2024-02-28,Fashion,293.0371176904969,8.445,Regular,669.4480000000001,31,New
2024-02-29,Home Decor,1028.2177762886793,52.769999999999996,Premium,5524.883,18,New
2024-03-01,Electronics,188.4090803545291,40.545,Premium,2294.786,37,New
2024-03-02,Sports,459.859100471643,7.245,Occasional,11446.981000000002,24,New
2024-03-03,Toys,1097.4577282782607,18.134999999999998,Regular,7299.11,29,New
2024-03-04,Toys,487.83761153117337,0.9299999999999999,Occasional,3107.871,44,New
2024-03-05,Home Decor,597.5578896438122,35.160000000000004,Occasional,6596.239,36,New
2024-03-06,Electronics,439.1199333965675,22.59,Occasional,9544.223,18,New
2024-03-07,Fashion,292.9007200925554,44.88,Regular,12460.981000000002,26,New
2024-03-08,Sports,1039.6381191749072,22.29,Premium,2967.146,38,New
2024-03-09,Fashion,448.4657002245683,22.5,Premium,11535.160000000002,32,New
2024-03-10,Fashion,927.1896923714659,55.739999999999995,Premium,12154.493,14,New
2024-03-11,Home Decor,254.91574295649036,3.615,Premium,11924.328,37,New
2024-03-12,Electronics,201.0997543374623,67.71000000000001,Regular,8307.78,19,New
2024-03-13,Fashion,42.388819179045896,63.915,Premium,8235.786,14,New
2024-03-14,Home Decor,779.6920809737519,50.085,Occasional,5319.327,31,New
2024-03-15,Toys,406.13912723362705,44.49,Regular,9813.362,29,New
2024-03-16,Toys,912.8999737867051,66.92999999999999,Premium,6967.753000000001,41,New
2024-03-17,Toys,525.2079495852092,13.905,Regular,8848.632000000001,26,New
2024-03-18,Toys,1135.8953811232402,5.925000000000001,Premium,5644.249,24,New
2024-03-19,Electronics,201.89772567445374,17.97,Regular,9544.353000000001,35,New
2024-03-20,Electronics,819.4196957446939,59.595,Occasional,10740.951000000001,17,New
2024-03-21,Sports,804.5858050688483,2.5949999999999998,Premium,2014.6360000000002,26,New
2024-03-22,Electronics,737.3169538223186,43.71,Premium,10849.800000000001,23,New
2024-03-23,Electronics,785.552484730545,74.655,Occasional,7083.621999999999,41,New
2024-03-24,Sports,826.615058822744,64.17,Regular,11000.847000000002,20,New
2024-03-25,Toys,711.7662991577921,39.105000000000004,Occasional,5680.857000000001,34,New
2024-03-26,Fashion,163.55513762061025,4.7700000000000005,Premium,5008.25,32,New
2024-03-27,Fashion,48.578402686874604,62.355000000000004,Premium,11906.830000000002,26,New
2024-03-28,Fashion,982.8868164409315,44.925,Occasional,3362.554,29,New
2024-03-29,Toys,715.4028599577081,8.625,Occasional,10995.010000000002,24,New
2024-03-30,Sports,954.4149938920997,7.035,Occasional,6359.34,22,New
2024-03-31,Home Decor,521.6185716937363,68.22,Premium,6746.402,31,New
2024-04-01,Electronics,118.48093116756657,50.19,Occasional,4099.992,33,New
2024-04-02,Sports,151.4902771879862,62.19,Occasional,7505.0560000000005,31,New
2024-04-03,Electronics,745.0273474785502,65.92500000000001,Occasional,4315.467000000001,30,New
2024-04-04,Fashion,412.8021515076947,42.885,Regular,635.401,27,New
2024-04-05,Home Decor,217.0291655366781,38.805,Regular,3630.627,28,New
2024-04-06,Toys,554.5887181250023,32.28,Premium,212.09500000000003,32,New
2024-04-07,Sports,72.00756611813006,23.775,Regular,12721.422999999999,27,New
2024-04-08,Toys,611.8261956852455,32.595,Regular,12559.17,34,New
2024-04-09,Home Decor,302.430912931482,58.035,Premium,5215.652,22,New
2024-04-10,Toys,724.862940317235,45.150000000000006,Regular,9504.131,32,New
2024-04-11,Toys,380.51112739305916,66.94500000000001,Occasional,4580.524,17,New
2024-04-12,Sports,473.2859253410428,33.255,Regular,8766.966,21,New
2024-04-13,Fashion,20.524529636164136,45.525000000000006,Regular,10495.888,32,New
2024-04-14,Toys,93.67053303696245,47.355000000000004,Occasional,12314.757,32,New
2024-04-15,Home Decor,463.6699993633045,44.37,Premium,5280.7300000000005,24,New
2024-04-16,Fashion,565.0636478024256,52.69500000000001,Occasional,10211.045,28,New
2024-04-17,Toys,638.450767504267,17.805,Premium,3552.4970000000003,37,New
2024-04-18,Home Decor,316.03803966211143,38.43,Premium,12875.577000000001,23,New
2024-04-19,Electronics,818.5631507498588,7.8149999999999995,Occasional,461.656,34,New
2024-04-20,Sports,961.9864032284052,28.845,Occasional,7897.422,41,New
2024-04-21,Sports,719.5300391547007,36.57,Regular,8617.843,47,New
2024-04-22,Electronics,52.4421710657829,48.915,Occasional,8985.145,31,New
2024-04-23,Home Decor,510.1720746842405,71.295,Premium,1679.392,24,New
2024-04-24,Toys,104.43821097792865,45.045,Premium,12208.872000000001,25,New
2024-04-25,Toys,237.65632427330522,55.769999999999996,Occasional,2461.8230000000003,41,New
2024-04-26,Electronics,904.103767995626,37.964999999999996,Occasional,8144.838000000001,21,New
2024-04-27,Electronics,165.96530380725443,47.565,Regular,2995.837,25,New
2024-04-28,Electronics,547.8880187881012,5.324999999999999,Premium,4083.8720000000003,33,New
2024-04-29,Electronics,635.3268510930856,19.080000000000002,Occasional,7162.922,31,New
2024-04-30,Toys,659.2514135847431,27.134999999999998,Premium,5499.273,15,New
2024-05-01,Sports,672.2314643767176,35.43,Regular,2192.099,21,New
2024-05-02,Toys,22.319236166851194,3.42,Premium,2329.951,22,New
2024-05-03,Home Decor,385.40083798184884,10.5,Premium,5511.519,15,New
2024-05-04,Electronics,622.6238777053904,20.759999999999998,Occasional,9876.230000000001,51,New
2024-05-05,Fashion,88.45138650533443,72.87,Premium,11686.805,19,New
2024-05-06,Home Decor,338.79311946145805,24.855,Premium,1212.718,44,New
2024-05-07,Sports,43.34784118898683,36.150000000000006,Regular,5189.249,31,New
2024-05-08,Home Decor,102.80277733010688,14.700000000000001,Premium,1420.159,29,New
2024-05-09,Toys,462.0499630204449,45.81,Occasional,343.551,30,New
2024-05-10,Home Decor,149.53559445031817,21.044999999999998,Occasional,8646.313,29,New
2024-05-11,Home Decor,574.4393255469384,15.524999999999999,Premium,7883.525000000001,39,New
2024-05-12,Sports,744.339179815405,38.745,Occasional,2228.0570000000002,31,New
2024-05-13,Toys,753.8940300253597,0.42000000000000004,Regular,3139.175,22,New
2024-05-14,Sports,208.81998386514312,0.5700000000000001,Occasional,435.123,36,New
2024-05-15,Toys,184.77033518297452,16.424999999999997,Regular,10875.774,23,New
2024-05-16,Fashion,136.11706848107744,2.7600000000000002,Occasional,12674.272,36,New
2024-05-17,Home Decor,747.601027921756,8.100000000000001,Premium,1873.365,40,New
2024-05-18,Sports,773.8871566530703,25.410000000000004,Premium,3109.08,36,New
2024-05-19,Sports,41.269330947382784,60.19500000000001,Regular,11306.425000000001,27,New
2024-05-20,Home Decor,875.8152537880716,42.900000000000006,Regular,12053.587,28,New
2024-05-21,Home Decor,68.37401620024922,38.445,Occasional,5530.603000000001,32,New
2024-05-22,Electronics,585.2607711549533,22.005,Premium,781.508,15,New
2024-05-23,Electronics,739.5968042302392,69.885,Occasional,636.974,33,New
2024-05-24,Toys,832.3154090260462,29.775000000000002,Premium,7516.7300000000005,24,New
2024-05-25,Fashion,712.5674395506048,6.5249999999999995,Regular,5186.558,37,New
2024-05-26,Fashion,739.0109137819911,46.275000000000006,Premium,498.75800000000004,41,New
2024-05-27,Toys,349.62891667141304,8.535,Occasional,7636.46,37,New
2024-05-28,Home Decor,791.622596143358,25.89,Regular,275.47,21,New
2024-05-29,Home Decor,81.77312634819201,38.055,Occasional,10263.474,34,New
2024-05-30,Fashion,925.9874561820354,65.565,Regular,4073.784,27,New
2024-05-31,Electronics,639.8642957834498,37.019999999999996,Regular,648.115,42,New
2024-06-01,Sports,768.1278670314404,52.665,Occasional,7702.097,28,New
2024-06-02,Home Decor,435.4398599359387,74.46000000000001,Occasional,5248.204,19,New
2024-06-03,Fashion,677.703361098391,9.855,Regular,12662.806000000002,32,New
2024-06-04,Toys,534.3874160752874,20.61,Regular,7133.840999999999,31,New
2024-06-05,Sports,759.1643072019054,29.595,Regular,3672.331,44,New
2024-06-06,Electronics,87.87833889078004,31.634999999999998,Premium,9260.472,55,New
2024-06-07,Electronics,73.64385448584306,30.825000000000003,Regular,3624.101,28,New
2024-06-08,Electronics,262.7986930959058,68.07000000000001,Occasional,11767.613000000001,25,New
2024-06-09,Sports,151.41267272975008,53.550000000000004,Occasional,4952.675,21,New
2024-06-10,Electronics,955.5795742548978,45.599999999999994,Occasional,7206.81,28,New
2024-06-11,Home Decor,234.73430559753575,23.205000000000002,Occasional,780.871,19,New
2024-06-12,Toys,1022.3772192425589,61.785,Regular,5614.18,43,New
2024-06-13,Home Decor,408.7474015671663,71.625,Regular,10842.52,21,New
2024-06-14,Electronics,181.1309931935655,61.59,Premium,10498.696,38,New
2024-06-15,Electronics,914.7532932854915,0.12,Premium,3016.975,35,New
2024-06-16,Fashion,718.8266891001492,47.730000000000004,Premium,3039.634,27,New
2024-06-17,Toys,514.0610234825689,3.84,Occasional,10648.716,17,New
2024-06-18,Fashion,645.1027532814617,19.32,Regular,12104.222000000002,25,New
2024-06-19,Sports,722.0681540837379,4.47,Regular,1357.291,26,New
2024-06-20,Fashion,216.19835791111137,45.285000000000004,Regular,5922.254,33,New
2024-06-21,Home Decor,1138.6897595229993,51.495,Regular,4473.04,27,New
2024-06-22,Sports,1110.1858440160574,8.58,Occasional,11335.766,34,New
2024-06-23,Home Decor,701.5071656461097,28.785000000000004,Premium,1204.97,29,New
2024-06-24,Home Decor,214.9232528721315,34.214999999999996,Occasional,2847.195,33,New
2024-06-25,Sports,651.1236667585455,27.674999999999997,Occasional,9814.271999999999,31,New
2024-06-26,Fashion,77.33544609517706,9.075,Premium,790.1529999999999,38,New
2024-06-27,Home Decor,48.22632386073035,31.424999999999997,Premium,6468.93,14,New
2024-06-28,Toys,281.60906656971935,56.34,Regular,5819.918,46,New
2024-06-29,Home Decor,456.5905642031477,5.324999999999999,Regular,4433.741,37,New
2024-06-30,Fashion,941.5643178632833,6.015,Occasional,5208.151,27,New
2024-07-01,Toys,658.5243355976135,26.61,Occasional,6950.333,27,New
2024-07-02,Sports,694.153349916255,70.635,Premium,2206.802,44,New
2024-07-03,Electronics,388.94903533950855,50.144999999999996,Premium,7491.588000000001,38,New
2024-07-04,Toys,365.96778965114953,50.894999999999996,Premium,10495.914,28,New
2024-07-05,Sports,386.0332562043659,27.150000000000002,Premium,9913.267,43,New
2024-07-06,Fashion,895.3904247109454,44.519999999999996,Regular,2110.6929999999998,24,New
2024-07-07,Toys,54.035162039990375,0.765,Occasional,2050.841,45,New
2024-07-08,Sports,997.5552435222864,47.7,Regular,3581.409,36,New
2024-07-09,Home Decor,551.5856800889928,68.49,Occasional,4777.032,32,New
2024-07-10,Home Decor,483.68540256404737,45.945,Premium,5386.823,22,New
2024-07-11,Home Decor,847.3156302499563,65.52,Occasional,8877.7,33,New
2024-07-12,Sports,452.5057056733957,54.300000000000004,Regular,859.482,14,New
2024-07-13,Fashion,1005.9225036666875,9.045,Premium,576.238,29,New
2024-07-14,Home Decor,919.9850419497261,67.67999999999999,Regular,5173.883,27,New
2024-07-15,Home Decor,391.4817116315606,4.9799999999999995,Premium,9102.496000000001,15,New
2024-07-16,Sports,327.02925714060586,40.05,Premium,2619.513,33,New
2024-07-17,Electronics,600.7568368832086,10.665000000000001,Occasional,8386.157000000001,37,New
2024-07-18,Sports,914.25092661661,0.885,Occasional,3473.9900000000002,36,New
2024-07-19,Home Decor,238.39541273823966,31.650000000000002,Premium,11533.925000000001,40,New
2024-07-20,Home Decor,677.3153317032211,22.125,Occasional,11657.529,25,New
2024-07-21,Toys,645.0811057212485,36.45,Occasional,3956.082,17,New
2024-07-22,Electronics,728.0321292637773,43.29,Occasional,3090.0220000000004,30,New
2024-07-23,Sports,149.95779562452205,3.285,Regular,5423.483,34,New
2024-07-24,Sports,743.8366032956901,9.225000000000001,Regular,3225.6380000000004,28,New
2024-07-25,Fashion,821.1821425792466,41.894999999999996,Occasional,8783.58,40,New
2024-07-26,Electronics,171.06953569258076,25.740000000000002,Premium,10761.452000000001,37,New
2024-07-27,Toys,293.60191750019663,54.69,Premium,8792.693,23,New
2024-07-28,Toys,1104.9896175214415,48.915,Premium,10739.391,34,New
2024-07-29,Fashion,213.70570612272928,63.42,Regular,5239.286,29,New
2024-07-30,Electronics,771.921327100183,51.92999999999999,Occasional,2141.802,33,New
2024-07-31,Fashion,476.00276797541966,32.25,Regular,9627.423,35,New
2024-08-01,Home Decor,230.84532591920737,50.474999999999994,Regular,4769.3099999999995,31,New
2024-08-02,Home Decor,932.2433510451224,20.655,Regular,8769.254,32,New
2024-08-03,Electronics,411.3490377064309,22.98,Occasional,3613.1940000000004,25,New
2024-08-04,Electronics,594.8194364442164,59.175000000000004,Premium,1175.421,36,New
2024-08-05,Toys,392.71094029009834,33.480000000000004,Premium,12904.528,20,New
2024-08-06,Home Decor,615.3801936696037,59.88,Regular,2140.3070000000002,31,New
2024-08-07,Toys,182.52681428851645,61.67999999999999,Occasional,12850.981000000002,27,New
2024-08-08,Sports,392.5097445943747,64.32000000000001,Regular,12707.591,23,New
2024-08-09,Electronics,900.1344176151653,68.745,Premium,10346.44,27,New
2024-08-10,Fashion,280.6877558681383,32.325,Occasional,8616.777,26,New
2024-08-11,Home Decor,696.7987061269565,23.91,Premium,7566.377,24,New
2024-08-12,Electronics,356.3225756002601,43.665,Premium,11276.733,30,New
2024-08-13,Toys,755.7567107299063,27.839999999999996,Regular,3855.085,39,New
2024-08-14,Electronics,139.5074255444737,45.075,Premium,6149.052000000001,35,New
2024-08-15,Fashion,1153.287990585359,52.92,Regular,8101.548000000001,34,New
2024-08-16,Electronics,461.1324948976763,51.63,Regular,5422.027,33,New
2024-08-17,Home Decor,233.25693455734424,28.095,Premium,5631.756,33,New
2024-08-18,Home Decor,89.72342709167538,12.51,Regular,4380.7660000000005,30,New
2024-08-19,Electronics,196.42033632812496,32.295,Regular,7391.657000000001,29,New
2024-08-20,Toys,587.6171246022939,10.695,Regular,11076.897,30,New
2024-08-21,Home Decor,356.0201714033492,66.75,Regular,2723.6690000000003,38,New
2024-08-22,Toys,937.5977807246404,25.935,Premium,12156.157,25,New
2024-08-23,Electronics,415.8111252389901,11.58,Regular,8998.561000000002,38,New
2024-08-24,Toys,290.9314156980476,1.905,Occasional,10725.52,50,New
2024-08-25,Fashion,659.2986359083261,48.435,Regular,7288.177000000001,15,New
2024-08-26,Home Decor,745.1008212552434,47.775000000000006,Occasional,10162.386,39,New
2024-08-27,Fashion,162.811989577174,25.545,Premium,338.494,29,New
2024-08-28,Sports,189.62237833950664,5.385,Premium,10662.561,32,New
2024-08-29,Home Decor,54.71172422178698,30.72,Regular,646.581,26,New
2024-08-30,Home Decor,676.676020713997,23.34,Occasional,11583.181999999999,42,New
2024-08-31,Sports,713.2434549366917,50.79,Premium,12896.559000000001,30,New
2024-09-01,Toys,536.4260980457094,45.435,Premium,3914.6510000000003,35,New
2024-09-02,Electronics,967.3518576477281,27.345,Occasional,2836.795,32,New
2024-09-03,Electronics,729.1973588687683,16.335,Regular,9980.230000000001,31,New
2024-09-04,Sports,651.8221762826452,74.1,Premium,3386.4480000000003,26,New
2024-09-05,Electronics,837.8564349273821,34.05,Occasional,11269.791,33,New
2024-09-06,Home Decor,222.69268769037777,51.614999999999995,Occasional,1453.582,29,New
2024-09-07,Fashion,113.39642035846403,10.545,Premium,1751.048,31,New
2024-09-08,Sports,292.09281562674107,36.42,Premium,12731.68,20,New
2024-09-09,Toys,64.97427929554877,2.07,Occasional,8802.313,23,New
2024-09-10,Electronics,489.18241910982096,37.905,Regular,11029.434000000001,39,New
2024-09-11,Sports,893.092358016046,72.30000000000001,Regular,4304.118,27,New
2024-09-12,Home Decor,46.70463531088974,28.815,Regular,8836.347,38,New
2024-09-13,Toys,125.08554945123265,2.925,Premium,7777.887,39,New
2024-09-14,Fashion,547.5785057510212,2.325,Occasional,7892.547,32,New
2024-09-15,Toys,1030.8892324744097,29.099999999999998,Occasional,8914.191,40,New
2024-09-16,Electronics,383.5247510517566,12.0,Occasional,7534.878000000001,45,New
2024-09-17,Electronics,534.279372556433,1.755,Premium,5652.036000000001,49,New
2024-09-18,Fashion,48.392598936407545,56.715,Regular,3681.119,28,New
2024-09-19,Fashion,147.22576819664988,34.394999999999996,Occasional,10021.648000000001,39,New
2024-09-20,Sports,1175.842192333643,21.69,Premium,3042.13,46,New
2024-09-21,Sports,1155.9232021427492,67.5,Regular,9040.603000000001,24,New
2024-09-22,Sports,16.77407585526315,8.715,Regular,3132.9869999999996,22,New
2024-09-23,Home Decor,984.8716922827068,71.69999999999999,Premium,8178.001000000001,19,New
2024-09-24,Fashion,655.7380806617246,23.549999999999997,Regular,9744.891,45,New
2024-09-25,Electronics,987.859686402599,66.63,Regular,2944.851,27,New
2024-09-26,Fashion,414.41280154490886,45.224999999999994,Premium,901.4720000000001,31,New
2024-09-27,Fashion,483.5041050952644,62.010000000000005,Premium,1815.6320000000003,28,New
2024-09-28,Sports,461.06815443400546,73.80000000000001,Regular,7929.1810000000005,39,New
2024-09-29,Toys,803.6060640583772,21.63,Regular,11062.376,34,New
2024-09-30,Home Decor,165.97070431216625,72.09,Regular,709.1110000000001,27,New
2024-10-01,Sports,46.29677814800692,29.205,Regular,9578.53,25,New
2024-10-02,Toys,340.34640496694493,28.92,Occasional,4522.765,46,New
2024-10-03,Fashion,697.1947012516646,25.53,Occasional,6288.659000000001,64,New
2024-10-04,Electronics,231.77248019112895,40.605000000000004,Premium,12084.422999999999,30,New
2024-10-05,Home Decor,719.5194173964279,11.565,Occasional,4402.476000000001,31,New
2024-10-06,Home Decor,968.5093221059349,41.535000000000004,Occasional,6118.892000000001,38,New
2024-10-07,Electronics,96.63839870814341,40.635,Occasional,306.098,34,New
2024-10-08,Sports,761.2552386829733,57.150000000000006,Occasional,1180.179,30,New
2024-10-09,Fashion,417.26320572958906,62.519999999999996,Premium,3458.078,23,New
2024-10-10,Electronics,933.2092421654612,33.03,Premium,488.46200000000005,25,New
2024-10-11,Home Decor,205.15070085108243,22.68,Premium,8255.806,33,New
2024-10-12,Toys,817.630213434508,19.455000000000002,Regular,5617.742,21,New
2024-10-13,Fashion,926.7473140803091,14.595,Regular,7184.6320000000005,16,New
2024-10-14,Toys,1095.3270689424164,4.32,Regular,2377.713,29,New
2024-10-15,Fashion,778.8131713386964,25.68,Regular,3938.6490000000003,29,New
2024-10-16,Electronics,548.2183719165612,20.265,Occasional,8673.418,27,New
2024-10-17,Fashion,570.3911576994816,72.48,Occasional,12553.45,37,New
2024-10-18,Fashion,1004.257713161577,41.835,Premium,778.869,34,New
2024-10-19,Toys,589.2270545285008,26.04,Regular,11589.24,36,New
2024-10-20,Electronics,40.16545950650984,43.53,Premium,7554.456,17,New
2024-10-21,Home Decor,1095.4604555103342,10.44,Occasional,7387.64,42,New
2024-10-22,Sports,813.5126666097756,33.3,Occasional,6568.588000000001,38,New
2024-10-23,Fashion,664.1122882158472,46.964999999999996,Occasional,1023.1,50,New
2024-10-24,Fashion,227.97262230728415,36.660000000000004,Regular,1286.714,39,New
2024-10-25,Toys,673.3426325837418,30.134999999999998,Occasional,7863.739,28,New
2024-10-26,Home Decor,396.6358470852506,74.535,Premium,4518.137,28,New
2024-10-27,Electronics,621.5590576881904,66.03,Regular,11935.235,26,New
2024-10-28,Fashion,113.45030124291505,46.755,Premium,5362.825,42,New
2024-10-29,Electronics,673.5847489331895,42.705,Regular,1974.037,35,New
2024-10-30,Toys,1136.190041759953,46.545,Occasional,9328.436000000002,29,New
2024-10-31,Fashion,62.788386710300976,15.105,Premium,3905.46,30,New
2024-11-01,Electronics,965.1313391930527,29.64,Premium,6892.808,22,New
2024-11-02,Home Decor,426.8234588768208,2.955,Occasional,9111.102,29,New
2024-11-03,Home Decor,974.6689064222468,35.67,Occasional,11716.393000000002,33,New
2024-11-04,Electronics,880.8674697916546,40.724999999999994,Occasional,10325.497,34,New
2024-11-05,Fashion,573.670827913332,17.085,Occasional,8834.761,32,New
2024-11-06,Electronics,769.7594741352901,72.30000000000001,Occasional,8876.881,51,New
2024-11-07,Home Decor,996.7413028710134,68.205,Occasional,12304.045,27,New
2024-11-08,Home Decor,421.08561092106,54.165,Regular,3937.258,32,New
2024-11-09,Electronics,387.9201105700789,40.005,Regular,144.31300000000002,28,New
2024-11-10,Fashion,740.1148794490339,65.25,Premium,3630.055,32,New
2024-11-11,Toys,954.0730932180319,9.795,Regular,2934.256,44,New
2024-11-12,Home Decor,769.8011265016529,59.295,Occasional,8647.808,48,New
2024-11-13,Fashion,841.0971366214857,9.36,Premium,8285.862,37,New
2024-11-14,Toys,414.99730748267297,59.565,Premium,7767.851000000001,34,New
2024-11-15,Electronics,840.2447707063092,20.685,Premium,339.053,42,New
2024-11-16,Home Decor,131.20981381078153,65.775,Regular,9509.369999999999,37,New
2024-11-17,Fashion,622.8439832110406,70.80000000000001,Regular,4293.835,24,New
2024-11-18,Electronics,18.0037478940286,11.16,Regular,8689.265000000001,20,New
2024-11-19,Toys,319.99491640343166,34.695,Regular,7293.169000000001,31,New
2024-11-20,Toys,352.440352026586,73.57499999999999,Occasional,4540.952,29,New
2024-11-21,Sports,429.3948972693635,36.255,Premium,1862.003,37,New
2024-11-22,Electronics,714.8669705986441,64.77,Regular,1345.175,24,New
2024-11-23,Electronics,451.98175535796145,44.160000000000004,Regular,10831.639000000001,18,New
2024-11-24,Electronics,478.78497078709796,28.155,Occasional,11949.782,40,New
2024-11-25,Electronics,222.18507763644484,21.435,Regular,8492.77,24,New
2024-11-26,Fashion,359.75540080536945,15.24,Regular,1461.2,36,New
2024-11-27,Fashion,227.1139413959416,57.135000000000005,Regular,5304.091,34,New
2024-11-28,Toys,97.09540951298476,28.994999999999997,Premium,9511.45,23,New
2024-11-29,Home Decor,621.1897420233907,38.339999999999996,Premium,10166.298999999999,22,New
2024-11-30,Toys,632.8469553383571,36.93,Regular,1651.4679999999998,41,New
2024-12-01,Sports,580.7375845656388,43.29,Premium,130.39000000000001,26,New
2024-12-02,Toys,544.2157928610402,64.92,Occasional,9295.208,24,New
2024-12-03,Electronics,437.2484269732959,73.56,Premium,4719.39,35,New
2024-12-04,Toys,836.8493592746025,30.57,Occasional,3405.181,25,New
2024-12-05,Toys,512.0395810131713,62.07000000000001,Occasional,295.98400000000004,38,New
2024-12-06,Home Decor,522.3347178760969,57.345,Premium,7083.648,42,New
2024-12-07,Home Decor,36.06048043631795,43.019999999999996,Premium,11084.306999999999,35,New
2024-12-08,Electronics,319.85669655491074,71.69999999999999,Premium,12454.715,17,New
2024-12-09,Fashion,418.21077006632765,15.03,Occasional,7411.144,44,New
2024-12-10,Fashion,429.130714279825,8.19,Occasional,6751.121,48,New
2024-12-11,Toys,666.7910496752993,64.05000000000001,Premium,1224.6779999999999,18,New
2024-12-12,Sports,614.3877586334588,32.94,Premium,7193.992,34,New
2024-12-13,Electronics,709.8453800625517,63.525000000000006,Occasional,5020.327,26,New
2024-12-14,Toys,876.6523023529614,66.975,Premium,7943.832,24,New
2024-12-15,Toys,958.310476448067,4.68,Occasional,5132.907,30,New
2024-12-16,Fashion,847.1003775546461,66.255,Regular,3222.648,51,New
2024-12-17,Toys,1139.8786131401225,33.63,Regular,1352.208,29,New
2024-12-18,Home Decor,27.340889176074683,38.28,Occasional,4182.997,33,New
2024-12-19,Toys,187.11744176057243,46.995,Regular,1373.814,26,New
2024-12-20,Sports,19.41343182785718,69.48,Occasional,2406.664,20,New
2024-12-21,Toys,678.0397027918242,1.44,Occasional,12837.019,49,New
2024-12-22,Electronics,817.1320446247518,35.76,Regular,5845.619000000001,40,New
2024-12-23,Toys,262.9563891774055,51.585,Occasional,6975.189,12,New
2024-12-24,Home Decor,1008.7276640320539,54.21,Premium,11373.466,30,New
2024-12-25,Home Decor,76.39929350544978,51.94500000000001,Premium,12942.969,22,New
2024-12-26,Toys,994.4789786565411,10.08,Occasional,7629.531,47,New
2024-12-27,Sports,392.2062745235257,22.455000000000002,Regular,10586.537,33,New
2024-12-28,Sports,101.39405029312206,26.910000000000004,Occasional,4337.736,44,New
2024-12-29,Home Decor,484.4115030157649,60.33,Regular,4064.931,19,New
2024-12-30,Toys,264.90994157536073,20.91,Premium,5312.801,19,New
2024-12-31,Toys,298.4495927214052,15.809999999999999,Premium,8785.166,44,New
2025-01-01,Toys,370.5851670812173,71.80499999999999,Occasional,8909.81,43,New
2025-01-02,Fashion,770.6962604447444,0.66,Premium,4187.131,28,New
2025-01-03,Fashion,510.4766880015956,74.83500000000001,Premium,1844.414,16,New
2025-01-04,Home Decor,326.4034029377203,50.760000000000005,Regular,8268.936000000002,19,New
2025-01-05,Home Decor,651.1221817707107,62.13,Occasional,1781.5590000000002,30,New
2025-01-06,Electronics,695.2103857264445,22.095,Regular,7575.204,41,New
2025-01-07,Sports,320.19444028373925,1.08,Occasional,9054.344000000001,26,New
2025-01-08,Toys,427.624492321444,55.335,Occasional,9146.865,32,New
2025-01-09,Electronics,152.2261489046451,62.565,Regular,9827.181,35,New
2025-01-10,Electronics,176.76903255172692,55.53,Premium,11363.703,29,New
2025-01-11,Electronics,705.7470488621635,10.709999999999999,Occasional,6564.467000000001,32,New
2025-01-12,Electronics,185.5130922274401,56.505,Occasional,9528.311000000002,27,New
2025-01-13,Electronics,518.8684072108963,57.675000000000004,Regular,8098.753000000001,27,New
2025-01-14,Electronics,802.5287214004394,49.394999999999996,Regular,2532.062,27,New
2025-01-15,Home Decor,130.62530620387705,57.465,Regular,460.629,38,New
2025-01-16,Electronics,578.0284088904828,63.449999999999996,Regular,3792.0480000000002,15,New
2025-01-17,Electronics,271.3500082108414,46.019999999999996,Regular,5831.839,23,New
2025-01-18,Electronics,880.6183187609147,6.645,Occasional,8072.155000000001,36,New
2025-01-19,Sports,482.05622479549555,36.57,Premium,11068.980000000001,45,New
2025-01-20,Sports,806.4579845004844,5.82,Premium,2655.679,28,New
2025-01-21,Toys,530.6820831416412,30.57,Regular,1745.8220000000001,16,New
2025-01-22,Fashion,62.109904550630425,30.54,Regular,12529.985,23,New
2025-01-23,Home Decor,654.8906884745962,4.949999999999999,Regular,1520.5320000000002,34,New
2025-01-24,Electronics,1075.1694174233505,26.160000000000004,Occasional,6288.178000000001,39,New
2025-01-25,Toys,674.258238104339,8.325,Regular,7666.204,30,New
2025-01-26,Fashion,840.1534947380335,60.614999999999995,Regular,7097.4929999999995,19,New
2025-01-27,Home Decor,1010.0293038292754,71.07000000000001,Premium,1237.236,36,New
2025-01-28,Toys,266.1080720485668,5.43,Premium,863.9410000000001,45,New
2025-01-29,Electronics,228.03442960944022,71.64,Regular,1487.577,38,New
2025-01-30,Toys,639.2379995030454,39.195,Premium,7666.516,34,New
2025-01-31,Electronics,401.96361679312076,22.47,Premium,7135.713000000001,32,New
2025-02-01,Electronics,935.7354731372022,5.76,Regular,3138.2390000000005,34,New
2025-02-02,Electronics,965.8083836495935,37.545,Occasional,8338.148000000001,30,New
2025-02-03,Home Decor,374.5038135606021,59.595,Occasional,10684.271,37,New
2025-02-04,Home Decor,288.10106467859543,53.025000000000006,Regular,665.119,30,New
2025-02-05,Fashion,726.5278523094582,3.7649999999999997,Regular,6540.937,28,New
2025-02-06,Toys,269.6652263536617,5.475,Regular,9001.421,33,New
2025-02-07,Fashion,828.2670123743524,30.21,Premium,3377.257,33,New
2025-02-08,Home Decor,397.7558750552022,22.14,Regular,4091.009,40,New
2025-02-09,Fashion,672.3256727972025,17.43,Premium,8027.526000000001,20,New
2025-02-10,Fashion,105.56981155517624,21.075000000000003,Occasional,11686.428,17,New
2025-02-11,Home Decor,688.2324907774039,60.255,Regular,10553.725,24,New
2025-02-12,Electronics,487.1697452579034,69.69,Occasional,7634.887,32,New
2025-02-13,Toys,663.5308731414093,30.39,Regular,9527.960000000001,31,New
2025-02-14,Home Decor,166.4871277398436,67.965,Regular,4825.262,26,New
2025-02-15,Fashion,799.7820870008065,24.105,Premium,8379.228000000001,30,New
2025-02-16,Fashion,979.208928784731,35.730000000000004,Regular,6129.76,33,New
2025-02-17,Home Decor,210.09164910701665,16.950000000000003,Occasional,2574.4809999999998,22,New
2025-02-18,Sports,94.74500393598166,48.03,Occasional,9161.373,35,New
2025-02-19,Toys,31.065160680569008,73.42500000000001,Premium,7291.7,33,New
2025-02-20,Electronics,667.0444129060191,45.255,Occasional,4745.455,34,New
2025-02-21,Electronics,571.6423104244327,26.835,Occasional,11858.938,41,New
2025-02-22,Sports,658.7856200630317,48.585,Premium,399.425,28,New
2025-02-23,Toys,216.71296029627973,9.225000000000001,Premium,4193.995,27,New
2025-02-24,Sports,411.0970954561978,66.645,Occasional,862.0690000000001,25,New
2025-02-25,Electronics,637.2978990445368,37.724999999999994,Premium,9995.206,43,New
2025-02-26,Electronics,585.5285862331302,33.705,Regular,9166.118,25,New
2025-02-27,Home Decor,1169.2779698224954,43.935,Occasional,4394.507,20,New
2025-02-28,Electronics,157.11648188670267,46.86,Premium,8825.778,30,New
2025-03-01,Sports,681.7343688722209,5.385,Premium,5225.714000000001,25,New
2025-03-02,Electronics,485.9384108350465,51.19500000000001,Regular,9862.983,35,New
2025-03-03,Sports,498.5952228535268,18.15,Occasional,5975.3460000000005,15,New
2025-03-04,Fashion,652.1154121354198,53.550000000000004,Premium,5436.041,30,New
2025-03-05,Home Decor,710.6353478705647,61.69500000000001,Regular,12159.979000000001,43,New
2025-03-06,Sports,919.1314730002221,60.300000000000004,Occasional,3358.81,35,New
2025-03-07,Electronics,125.86272103211303,41.445,Occasional,1680.159,30,New
2025-03-08,Fashion,130.93384852849965,39.015,Occasional,7653.074,22,New
2025-03-09,Toys,866.1773243202167,10.709999999999999,Premium,12605.177000000001,33,New
2025-03-10,Home Decor,526.8832238837722,58.155,Occasional,4992.793000000001,33,New
2025-03-11,Fashion,316.02784324176116,20.355,Occasional,928.408,24,New
2025-03-12,Toys,83.487771802723,37.245,Regular,4496.856,22,New
2025-03-13,Sports,99.27749674969253,21.315,Premium,6641.336,32,New
2025-03-14,Sports,817.9295041488059,10.035,Occasional,2213.952,31,New
2025-03-15,Home Decor,195.32314830304483,47.22,Premium,8599.773000000001,39,New
2025-03-16,Sports,353.9213789104013,4.08,Regular,12971.036,36,New
2025-03-17,Home Decor,231.34726229999993,56.144999999999996,Premium,5943.886,28,New
2025-03-18,Electronics,409.90015301006196,23.82,Premium,4695.353,36,New
2025-03-19,Home Decor,85.06826208731495,0.015,Regular,5287.061,36,New
2025-03-20,Toys,495.4054447729345,38.339999999999996,Premium,1611.9350000000002,34,New
2025-03-21,Home Decor,88.57489587536311,3.51,Premium,11497.733,42,New
2025-03-22,Fashion,873.7006528723342,20.715,Regular,5468.801,19,New
2025-03-23,Home Decor,265.94413248887156,53.025000000000006,Regular,5114.226000000001,26,New
2025-03-24,Sports,532.9838907411796,4.695,Regular,8620.209,26,New
2025-03-25,Electronics,885.5939416959085,62.955,Regular,5818.969,47,New
2025-03-26,Toys,617.05722681825,0.28500000000000003,Premium,8472.763,36,New
2025-03-27,Electronics,602.9388511695577,18.509999999999998,Occasional,920.8160000000001,36,New
2025-03-28,Home Decor,386.62981526464534,55.574999999999996,Regular,10602.618,42,New
2025-03-29,Fashion,340.79277475864006,23.715,Regular,12234.287,32,New
2025-03-30,Sports,746.1006283552472,7.635,Regular,8479.614,37,New
2025-03-31,Home Decor,921.0045552897682,27.015,Premium,12415.260000000002,29,New
2025-04-01,Toys,727.3066996539023,20.28,Premium,2078.934,29,New
2025-04-02,Electronics,659.4610946284832,63.21,Occasional,6274.3460000000005,28,New
2025-04-03,Sports,692.2260565280164,23.505,Occasional,7875.2570000000005,35,New
2025-04-04,Home Decor,561.1658851372534,59.175000000000004,Occasional,7616.947,32,New
2025-04-05,Fashion,66.21427263629812,66.885,Premium,5296.811,36,New
2025-04-06,Toys,640.5503807882947,32.535000000000004,Regular,4481.152,20,New
2025-04-07,Home Decor,1077.5479213875274,68.25,Premium,1762.228,35,New
2025-04-08,Toys,216.97633185523688,28.305,Regular,5171.725,32,New
2025-04-09,Electronics,749.6712043890343,72.30000000000001,Regular,2223.442,25,New
2025-04-10,Home Decor,191.98047293618288,6.6899999999999995,Premium,9581.286,24,New
2025-04-11,Toys,543.1344676460919,51.525000000000006,Regular,2817.659,28,New
2025-04-12,Toys,114.37814427895384,37.035000000000004,Occasional,883.74,21,New
2025-04-13,Fashion,437.0823558901539,29.07,Premium,7238.946,32,New
2025-04-14,Sports,874.0119289202644,47.46,Premium,7790.601000000001,34,New
2025-04-15,Electronics,319.1211758530052,52.785,Occasional,11351.522,26,New
2025-04-16,Sports,632.334038672797,0.33,Occasional,7555.756,24,New
2025-04-17,Fashion,882.6188589918761,12.524999999999999,Regular,4576.338000000001,23,New
2025-04-18,Home Decor,914.0334748036165,53.474999999999994,Regular,10464.766,31,New
2025-04-19,Toys,246.01062408765634,49.980000000000004,Occasional,7083.388000000001,23,New
2025-04-20,Fashion,394.6988367898929,72.44999999999999,Regular,1150.3310000000001,41,New
2025-04-21,Toys,152.97558232442515,57.074999999999996,Occasional,7412.496,37,New
2025-04-22,Electronics,1106.6442506697206,71.31,Premium,11816.194,45,New
2025-04-23,Home Decor,1026.1293068971538,52.69500000000001,Regular,5230.537,17,New
2025-04-24,Toys,561.5457895140313,22.35,Regular,3943.719,38,New
2025-04-25,Sports,910.7997858060626,7.904999999999999,Regular,1976.455,37,New
2025-04-26,Electronics,514.7490420289072,58.635000000000005,Regular,2079.103,34,New
2025-04-27,Electronics,721.5880645461846,48.315,Occasional,5699.772,30,New
2025-04-28,Toys,103.04025591579264,3.615,Premium,7796.398999999999,35,New
2025-04-29,Electronics,790.2018994576548,27.0,Premium,1167.517,25,New
2025-04-30,Sports,143.32254076839675,71.76,Occasional,12222.249,33,New
2025-05-01,Electronics,764.8290430631358,37.53,Occasional,9848.566,37,New
2025-05-02,Toys,809.3808930690902,32.46,Occasional,7679.854,22,New
2025-05-03,Electronics,792.1375858395651,34.32,Regular,10792.002000000002,31,New
2025-05-04,Toys,51.830385661491555,15.66,Regular,1162.005,34,New
2025-05-05,Home Decor,300.75892274234536,27.660000000000004,Regular,6266.91,33,New
2025-05-06,Toys,309.82071132280475,27.735,Premium,8239.296,36,New
2025-05-07,Sports,357.67429937626076,3.93,Premium,10794.758,33,New
2025-05-08,Toys,97.85952372060646,57.57000000000001,Premium,10213.255000000001,25,New
2025-05-09,Home Decor,1003.8895394926964,31.244999999999997,Occasional,3695.8869999999997,34,New
2025-05-10,Fashion,645.707600300917,61.665,Premium,12239.123,19,New
2025-05-11,Home Decor,314.31521049408286,63.78,Premium,1730.326,41,New
2025-05-12,Sports,444.4838552133427,15.899999999999999,Regular,11392.966,37,New
2025-05-13,Home Decor,528.4248632149774,49.30499999999999,Occasional,12626.003,21,New
2025-05-14,Sports,621.0790617632418,35.415,Premium,2409.966,36,New
2025-05-15,Home Decor,480.84343524454624,66.015,Occasional,9422.985,23,New
2025-05-16,Toys,1085.0982305592183,16.185,Occasional,648.479,32,New
2025-05-17,Fashion,486.8769996548757,50.835,Regular,5347.797,25,New
2025-05-18,Electronics,1090.5980040264217,45.585,Premium,6774.56,42,New
2025-05-19,Electronics,950.5911003862797,22.155,Occasional,7602.907000000001,30,New
2025-05-20,Sports,203.02339474675819,10.245000000000001,Premium,12175.514000000001,29,New
2025-05-21,Home Decor,990.3525269566363,48.87,Premium,8781.864,35,New
2025-05-22,Sports,121.6549100465263,55.394999999999996,Premium,6324.045,39,New
2025-05-23,Electronics,810.1922635011097,23.669999999999998,Premium,10550.514,22,New
2025-05-24,Home Decor,380.9170881730942,48.36,Premium,12363.351,28,New
2025-05-25,Fashion,935.4205135790284,29.64,Regular,413.985,30,New
2025-05-26,Home Decor,942.585248970125,53.489999999999995,Regular,12775.047999999999,30,New
2025-05-27,Home Decor,750.2579983660077,14.940000000000001,Regular,1238.5230000000001,27,New
2025-05-28,Toys,835.1573073903384,66.765,Regular,10611.159000000001,40,New
2025-05-29,Home Decor,362.1197537037494,21.555,Regular,3737.9030000000002,27,New
2025-05-30,Toys,107.91998485723673,27.585,Premium,1831.154,36,New
2025-05-31,Toys,431.53483110346303,4.35,Regular,5790.941,39,New
2025-06-01,Toys,215.94825559434554,8.370000000000001,Occasional,8417.721,20,New
2025-06-02,Home Decor,690.6313851859853,38.685,Occasional,5032.8460000000005,27,New
2025-06-03,Fashion,393.0588773112664,20.07,Occasional,832.2600000000001,21,New
2025-06-04,Toys,1147.891708048712,62.655,Occasional,7845.071,36,New
2025-06-05,Toys,719.2826748561628,1.095,Premium,11743.927000000001,36,New
2025-06-06,Sports,950.6496705728084,28.424999999999997,Regular,5061.979,25,New
2025-06-07,Sports,162.9434294405682,25.305,Occasional,2914.197,30,New
2025-06-08,Toys,878.8812467053787,1.455,Regular,5825.976000000001,27,New
2025-06-09,Electronics,1027.5817359074379,9.33,Premium,752.427,46,New
2025-06-10,Fashion,534.9845515192471,31.02,Regular,10689.679,30,New
2025-06-11,Fashion,723.6329003999027,36.96,Regular,10765.001,29,New
2025-06-12,Electronics,706.6423447719199,30.315,Regular,7697.56,25,New
2025-06-13,Toys,185.34959337176338,39.825,Premium,4674.436,41,New
2025-06-14,Fashion,521.2028027158384,44.64,Regular,10423.218,24,New
2025-06-15,Fashion,454.2811825072138,0.75,Regular,7268.82,31,New
2025-06-16,Sports,142.24745638164885,34.8,Premium,10759.749,36,New
2025-06-17,Home Decor,443.2908810926424,72.255,Premium,8256.872,30,New
2025-06-18,Home Decor,78.68299580314954,38.925,Regular,10225.293,30,New
2025-06-19,Home Decor,32.482362923571756,50.82000000000001,Occasional,7833.501000000001,34,New
2025-06-20,Fashion,152.68152149058807,23.384999999999998,Regular,5460.0,25,New
2025-06-21,Toys,1045.340018235174,58.050000000000004,Premium,12458.758,25,New
2025-06-22,Fashion,562.6089666177481,57.974999999999994,Premium,7094.139,37,New
2025-06-23,Fashion,925.2108442135486,39.089999999999996,Occasional,7917.5070000000005,29,New
2025-06-24,Sports,449.1259527706106,73.19999999999999,Premium,2967.679,34,New
2025-06-25,Sports,375.58555504128776,9.42,Regular,8182.121999999999,28,New
2025-06-26,Electronics,517.7854666655232,1.275,Occasional,7486.5960000000005,26,New
2025-06-27,Home Decor,416.6167821557374,57.765,Premium,2508.8700000000003,24,New
2025-06-28,Fashion,113.47729341394596,60.54,Premium,896.883,44,New
2025-06-29,Home Decor,726.33253488969,9.015,Regular,7908.108,36,New
2025-06-30,Home Decor,207.68093486020427,19.919999999999998,Occasional,9958.715,32,New
2025-07-01,Home Decor,577.9293684497432,1.32,Occasional,6866.171,41,New
2025-07-02,Sports,595.1247639508856,22.005,Occasional,3048.5650000000005,41,New
2025-07-03,Fashion,189.8925605258224,57.989999999999995,Regular,8708.141,34,New
2025-07-04,Fashion,69.20923898480729,38.849999999999994,Occasional,1160.965,21,New
2025-07-05,Electronics,781.1202936961605,26.099999999999998,Premium,5816.3949999999995,31,New
2025-07-06,Sports,453.2493512046282,27.884999999999998,Occasional,2232.529,31,New
2025-07-07,Fashion,75.07291796571147,0.10500000000000001,Regular,2503.9820000000004,28,New
2025-07-08,Sports,1045.7010071239072,22.485,Occasional,2733.523,35,New
2025-07-09,Fashion,70.6241416236452,48.480000000000004,Premium,5106.92,35,New
2025-07-10,Electronics,819.0624697734004,73.065,Regular,788.307,35,New
2025-07-11,Toys,988.1188271981321,63.525000000000006,Regular,5249.608,31,New
2025-07-12,Toys,292.4392694914804,1.77,Regular,6715.67,43,New
2025-07-13,Fashion,179.48227320152074,67.395,Premium,6349.9929999999995,12,New
2025-07-14,Sports,150.51991398135368,58.739999999999995,Occasional,5056.428,29,New
2025-07-15,Fashion,305.9788680784134,58.53,Occasional,10929.814999999999,25,New
2025-07-16,Toys,129.6539659756254,34.349999999999994,Regular,2000.3490000000002,21,New
2025-07-17,Electronics,802.4820237462914,29.849999999999998,Regular,6638.32,41,New
2025-07-18,Home Decor,83.12987223386189,22.725,Premium,928.4730000000001,35,New
2025-07-19,Sports,482.6055376548627,4.92,Occasional,1045.7720000000002,18,New
2025-07-20,Fashion,921.9539310855539,17.115000000000002,Premium,7515.651000000001,23,New
2025-07-21,Toys,874.952329940975,18.495,Regular,7414.654,34,New
2025-07-22,Sports,621.1706688731407,36.3,Occasional,11430.289,25,New
2025-07-23,Toys,317.47847783341194,56.05499999999999,Occasional,7309.835,20,New
2025-07-24,Fashion,733.566287542109,35.535000000000004,Regular,12482.509,36,New
2025-07-25,Toys,630.2676407743976,4.335,Premium,756.7040000000001,42,New
2025-07-26,Fashion,428.0093578247244,71.83500000000001,Premium,1391.364,29,New
2025-07-27,Home Decor,135.2980128200959,70.71000000000001,Regular,697.125,35,New
2025-07-28,Home Decor,939.1906255978903,58.89,Premium,2514.512,40,New
2025-07-29,Home Decor,462.3085650794079,74.355,Regular,7096.141,31,New
2025-07-30,Sports,206.30664462004205,40.83,Occasional,8438.508,25,New
2025-07-31,Electronics,446.84382885609295,72.21000000000001,Regular,716.677,23,New
2025-08-01,Home Decor,474.072034706376,5.67,Regular,12304.643000000002,34,New
2025-08-02,Sports,959.5320846697417,27.42,Premium,10968.672,23,New
2025-08-03,Home Decor,717.3417874569608,16.905,Regular,3947.398,22,New
2025-08-04,Home Decor,852.3252569414716,14.684999999999999,Occasional,1123.408,31,New
2025-08-05,Home Decor,23.467299231937385,10.56,Occasional,2316.4440000000004,24,New
2025-08-06,Toys,486.39163767657385,46.68,Premium,1763.775,41,New
2025-08-07,Home Decor,477.98091275967056,58.605000000000004,Occasional,1716.663,22,New
2025-08-08,Toys,29.29837134558553,43.365,Regular,6803.888000000001,39,New
2025-08-09,Home Decor,295.6230980365172,11.024999999999999,Regular,3294.057,26,New
2025-08-10,Fashion,793.6334935790358,60.84,Occasional,4739.254,39,New
2025-08-11,Home Decor,157.32747521621295,47.7,Regular,12864.93,16,New
2025-08-12,Toys,554.9606627690338,29.115000000000002,Premium,8937.123,27,New
2025-08-13,Home Decor,248.45979096203166,50.565,Premium,12343.383,25,New
2025-08-14,Sports,24.150663297002094,19.5,Premium,1964.703,20,New
2025-08-15,Electronics,268.91680094398004,25.89,Occasional,5048.134,22,New
2025-08-16,Fashion,1016.1934706938874,68.80499999999999,Occasional,7269.392000000001,38,New
2025-08-17,Home Decor,789.1549434990138,21.794999999999998,Premium,1117.8700000000001,38,New
2025-08-18,Home Decor,931.9000775175255,35.25,Regular,183.89800000000002,21,New
2025-08-19,Electronics,451.91655545070535,66.765,Regular,8758.49,29,New
2025-08-20,Home Decor,112.71627775350748,53.085,Premium,8390.213,24,New
2025-08-21,Toys,514.3152749777441,4.665,Premium,5416.853000000001,28,New
2025-08-22,Fashion,499.4000672212825,11.055,Occasional,6431.723999999999,29,New
2025-08-23,Fashion,774.9984810095365,0.585,Premium,5476.7570000000005,38,New
2025-08-24,Toys,109.30017806346567,47.325,Regular,438.945,26,New
2025-08-25,Fashion,516.5343497738876,33.57,Occasional,4446.234,40,New
2025-08-26,Electronics,153.92175149906174,10.065,Regular,2409.043,34,New
2025-08-27,Toys,353.535391442315,71.85,Regular,1396.7200000000003,24,New
2025-08-28,Toys,754.5960083903244,39.72,Premium,12442.989000000001,17,New
2025-08-29,Sports,434.10816011429296,18.134999999999998,Premium,7843.758,26,New
2025-08-30,Home Decor,394.24483222546434,37.545,Regular,9507.81,27,New
2025-08-31,Home Decor,409.91130017802084,50.97,Regular,4188.7300000000005,34,New
2025-09-01,Fashion,437.399497197596,5.715,Regular,5189.808,25,New
2025-09-02,Sports,720.7244567051274,20.61,Premium,3179.215,17,New
2025-09-03,Toys,887.4368280495107,60.525000000000006,Premium,1377.948,34,New
2025-09-04,Toys,1114.4094456507808,34.47,Premium,2434.1330000000003,29,New
2025-09-05,Sports,909.2501215410996,40.995,Occasional,10394.007000000001,47,New
2025-09-06,Sports,378.7960264449907,32.46,Regular,8850.01,28,New
2025-09-07,Home Decor,727.6870474160122,3.285,Premium,7168.9800000000005,53,New
2025-09-08,Toys,520.5085656768925,12.434999999999999,Premium,6244.407000000001,42,New
2025-09-09,Home Decor,255.59915222682193,33.42,Regular,12001.730000000001,29,New
2025-09-10,Home Decor,918.4284544836152,15.690000000000001,Occasional,1066.104,25,New
2025-09-11,Electronics,54.5992082308523,3.75,Premium,3741.335,24,New
2025-09-12,Toys,917.5898505877509,63.269999999999996,Regular,4633.694,43,New
2025-09-13,Fashion,474.2596000621379,73.59,Regular,10199.826000000001,21,New
2025-09-14,Home Decor,754.3030365831258,59.489999999999995,Regular,12903.657,37,New
2025-09-15,Home Decor,766.5937586819349,64.035,Premium,3227.432,19,New
2025-09-16,Toys,928.6950989313956,18.15,Occasional,11382.332,23,New
2025-09-17,Fashion,728.2746830692056,72.045,Regular,10820.121000000001,38,New
2025-09-18,Electronics,734.3511354290085,14.774999999999999,Occasional,3021.3430000000003,28,New
2025-09-19,Electronics,87.21969059692205,71.355,Regular,5269.407,40,New
2025-09-20,Fashion,494.2443585081496,74.61,Premium,5402.488,37,New
2025-09-21,Sports,189.1997385295357,53.385000000000005,Occasional,12719.694,29,New
2025-09-22,Fashion,762.2974612476893,73.59,Regular,2458.079,35,New
2025-09-23,Electronics,529.7175174151878,42.72,Regular,10415.158,21,New
2025-09-24,Toys,806.3299528746779,19.47,Premium,4431.063,19,New
2025-09-25,Electronics,52.79772625247728,32.775000000000006,Occasional,9536.306,29,New
2025-09-26,Toys,99.21737780619598,44.519999999999996,Premium,5535.543,41,New
